duel,ply,algorithm,eval_name,order_name,depth,player_hp,npc_hp,player_potions,npc_potions,player_defending,npc_defending,best_action,best_score,minimax_nodes,alphabeta_nodes,pruned_nodes,cutoffs,prune_efficiency,evaluations,time_ms,is_last
0,2,alphabeta,balanced,default,4,100,81,3,3,False,False,ATTACK,-19,0,207,0,27,0.0,146,2.892,False
0,4,alphabeta,balanced,default,4,84,63,3,3,False,False,ATTACK,-21,0,222,0,29,0.0,158,2.377,False
0,6,alphabeta,balanced,default,4,69,44,3,3,False,False,POTION,-28,0,225,0,26,0.0,161,1.99,False
0,8,alphabeta,balanced,default,4,69,53,3,2,False,False,ATTACK,-26,0,237,0,31,0.0,170,2.098,False
0,10,alphabeta,balanced,default,4,49,35,3,2,False,False,POTION,-27,0,203,0,27,0.0,142,1.816,False
0,12,alphabeta,balanced,default,4,49,43,3,1,False,False,POTION,-29,0,213,0,23,0.0,152,2.034,False
0,14,alphabeta,balanced,default,4,49,51,3,0,False,False,ATTACK,-28,0,138,0,15,0.0,97,1.227,False
0,16,alphabeta,balanced,default,4,32,32,3,0,False,False,ATTACK,-27,0,104,0,13,0.0,71,0.925,False
0,18,alphabeta,balanced,default,4,40,32,2,0,False,False,ATTACK,-25,0,130,0,14,0.0,91,1.155,False
0,20,alphabeta,balanced,default,4,21,32,2,0,True,False,ATTACK,-15,0,111,0,12,0.0,77,1.003,False
0,22,alphabeta,balanced,default,4,37,32,1,0,False,False,ATTACK,-12,0,113,0,15,0.0,76,1.014,False
0,24,alphabeta,balanced,default,4,17,32,1,0,True,False,ATTACK,-1,0,78,0,13,0.0,49,0.71,False
0,26,alphabeta,balanced,default,4,34,32,0,0,False,False,SPECIAL,1002,0,58,0,9,0.0,34,0.528,False
0,28,alphabeta,balanced,default,4,4,2,0,0,False,False,ATTACK,1002,0,5,0,1,0.0,3,0.059,True
1,2,alphabeta,balanced,default,4,100,82,3,3,False,False,ATTACK,-18,0,207,0,27,0.0,146,1.847,False
1,4,alphabeta,balanced,default,4,80,62,3,3,False,False,ATTACK,-18,0,234,0,31,0.0,167,2.363,False
1,6,alphabeta,balanced,default,4,64,45,3,3,False,False,POTION,-22,0,225,0,26,0.0,161,2.756,False
1,8,alphabeta,balanced,default,4,64,53,3,2,False,False,ATTACK,-21,0,237,0,31,0.0,170,2.826,False
1,10,alphabeta,balanced,default,4,46,37,3,2,False,False,ATTACK,-16,0,234,0,30,0.0,168,2.083,False
1,12,alphabeta,balanced,default,4,26,37,3,2,True,False,POTION,1,0,228,0,31,0.0,164,2.014,False
1,14,alphabeta,balanced,default,4,26,62,3,1,True,False,POTION,16,0,211,0,28,0.0,151,1.962,False
1,16,alphabeta,balanced,default,4,26,87,3,0,True,False,ATTACK,25,0,119,0,13,0.0,83,1.064,False
1,18,alphabeta,balanced,default,4,18,87,3,0,True,False,ATTACK,33,0,86,0,13,0.0,57,0.778,False
1,20,alphabeta,balanced,default,4,33,87,2,0,False,False,ATTACK,37,0,110,0,13,0.0,76,0.987,False
1,22,alphabeta,balanced,default,4,18,87,2,0,True,False,ATTACK,43,0,86,0,13,0.0,57,0.787,False
1,24,alphabeta,balanced,default,4,34,87,1,0,False,False,ATTACK,46,0,106,0,14,0.0,71,0.958,False
1,26,alphabeta,balanced,default,4,40,87,0,0,False,False,SPECIAL,62,0,78,0,9,0.0,49,0.705,False
1,28,alphabeta,balanced,default,4,10,87,0,0,True,False,ATTACK,1057,0,27,0,5,0.0,14,0.265,True
2,2,alphabeta,balanced,default,4,100,80,3,3,False,False,ATTACK,-20,0,207,0,27,0.0,146,1.87,False
2,4,alphabeta,balanced,default,4,84,62,3,3,False,False,ATTACK,-22,0,222,0,29,0.0,158,1.992,False
2,6,alphabeta,balanced,default,4,64,42,3,3,False,False,POTION,-25,0,225,0,26,0.0,161,3.399,False
2,8,alphabeta,balanced,default,4,64,47,3,2,False,False,POTION,-30,0,225,0,26,0.0,161,1.993,False
2,10,alphabeta,balanced,default,4,64,55,3,1,False,False,ATTACK,-29,0,225,0,28,0.0,161,2.006,False
2,12,alphabeta,balanced,default,4,44,36,3,1,False,False,ATTACK,-25,0,222,0,27,0.0,159,1.982,False
2,14,alphabeta,balanced,default,4,25,36,3,1,True,False,POTION,-9,0,211,0,27,0.0,151,1.875,False
2,16,alphabeta,balanced,default,4,25,61,3,0,True,False,ATTACK,0,0,119,0,13,0.0,83,1.087,False
2,18,alphabeta,balanced,default,4,16,61,3,0,True,False,ATTACK,9,0,86,0,13,0.0,57,0.774,False
2,20,alphabeta,balanced,default,4,32,61,2,0,False,False,ATTACK,12,0,110,0,13,0.0,76,0.983,False
2,22,alphabeta,balanced,default,4,40,61,1,0,False,False,ATTACK,14,0,128,0,14,0.0,88,1.138,False
2,24,alphabeta,balanced,default,4,21,61,1,0,True,False,ATTACK,24,0,98,0,13,0.0,65,0.869,False
2,26,alphabeta,balanced,default,4,37,61,0,0,False,False,SPECIAL,1031,0,73,0,10,0.0,45,0.662,False
2,28,alphabeta,balanced,default,4,7,31,0,0,False,False,ATTACK,1031,0,8,0,2,0.0,4,0.082,True
3,2,alphabeta,balanced,default,4,100,82,3,3,False,False,ATTACK,-18,0,207,0,27,0.0,146,1.852,False
3,4,alphabeta,balanced,default,4,84,64,3,3,False,False,ATTACK,-20,0,222,0,29,0.0,158,1.974,False
3,6,alphabeta,balanced,default,4,68,46,3,3,False,False,POTION,-25,0,225,0,26,0.0,161,2.38,False
3,8,alphabeta,balanced,default,4,68,51,3,2,False,False,ATTACK,-27,0,237,0,31,0.0,170,2.655,False
3,10,alphabeta,balanced,default,4,52,36,3,2,False,False,POTION,-29,0,203,0,27,0.0,142,2.074,False
3,12,alphabeta,balanced,default,4,52,46,3,1,False,False,POTION,-29,0,213,0,23,0.0,152,1.884,False
3,14,alphabeta,balanced,default,4,52,53,3,0,False,False,ATTACK,-29,0,138,0,15,0.0,97,1.231,False
3,16,alphabeta,balanced,default,4,33,35,3,0,False,False,ATTACK,-25,0,100,0,13,0.0,68,0.911,False
3,18,alphabeta,balanced,default,4,38,35,2,0,False,False,ATTACK,-20,0,117,0,14,0.0,81,1.074,False
3,20,alphabeta,balanced,default,4,22,35,2,0,True,False,ATTACK,-13,0,106,0,12,0.0,73,1.064,False
3,22,alphabeta,balanced,default,4,37,35,1,0,False,False,ATTACK,-9,0,109,0,14,0.0,73,1.08,False
3,24,alphabeta,balanced,default,4,18,35,1,0,True,False,ATTACK,1,0,78,0,13,0.0,49,1.026,False
3,26,alphabeta,balanced,default,4,34,35,0,0,False,False,SPECIAL,1005,0,55,0,9,0.0,32,0.663,False
3,28,alphabeta,balanced,default,4,4,5,0,0,False,False,ATTACK,1005,0,5,0,1,0.0,3,0.077,True
4,2,alphabeta,balanced,default,4,100,81,3,3,False,False,ATTACK,-19,0,207,0,27,0.0,146,1.828,False
4,4,alphabeta,balanced,default,4,82,65,3,3,False,False,ATTACK,-17,0,234,0,31,0.0,167,2.045,False
4,6,alphabeta,balanced,default,4,67,48,3,3,False,False,POTION,-22,0,225,0,26,0.0,161,2.012,False
4,8,alphabeta,balanced,default,4,67,55,3,2,False,False,ATTACK,-22,0,237,0,31,0.0,170,2.165,False
4,10,alphabeta,balanced,default,4,49,39,3,2,False,False,POTION,-23,0,206,0,27,0.0,145,1.834,False
4,12,alphabeta,balanced,default,4,49,48,3,1,False,False,POTION,-24,0,213,0,23,0.0,152,1.872,False
4,14,alphabeta,balanced,default,4,49,57,3,0,False,False,ATTACK,-22,0,138,0,15,0.0,97,1.213,False
4,16,alphabeta,balanced,default,4,31,37,3,0,False,False,ATTACK,-21,0,100,0,13,0.0,68,0.89,False
4,18,alphabeta,balanced,default,4,39,37,2,0,False,False,ATTACK,-19,0,117,0,14,0.0,81,1.042,False
4,20,alphabeta,balanced,default,4,23,37,2,0,True,False,ATTACK,-12,0,106,0,12,0.0,73,0.949,False
4,22,alphabeta,balanced,default,4,38,37,1,0,False,False,ATTACK,-8,0,109,0,14,0.0,73,0.979,False
4,24,alphabeta,balanced,default,4,22,37,1,0,True,False,ATTACK,-1,0,98,0,12,0.0,65,0.962,False
4,26,alphabeta,balanced,default,4,38,37,0,0,False,False,SPECIAL,1007,0,65,0,9,0.0,39,0.601,False
4,28,alphabeta,balanced,default,4,8,7,0,0,False,False,ATTACK,1007,0,5,0,1,0.0,3,0.053,True
5,2,alphabeta,balanced,default,4,100,85,3,3,False,False,ATTACK,-15,0,204,0,27,0.0,143,1.964,False
5,4,alphabeta,balanced,default,4,84,70,3,3,False,False,ATTACK,-14,0,222,0,29,0.0,158,1.992,False
5,6,alphabeta,balanced,default,4,66,52,3,3,False,False,ATTACK,-14,0,237,0,31,0.0,170,2.126,False
5,8,alphabeta,balanced,default,4,49,37,3,3,False,False,POTION,-15,0,206,0,27,0.0,145,1.831,False
5,10,alphabeta,balanced,default,4,49,44,3,2,False,False,POTION,-18,0,225,0,26,0.0,161,1.997,False
5,12,alphabeta,balanced,default,4,49,54,3,1,False,False,ATTACK,-15,0,225,0,28,0.0,161,2.022,False
5,14,alphabeta,balanced,default,4,33,36,3,1,False,False,ATTACK,-14,0,184,0,26,0.0,129,1.648,False
5,16,alphabeta,balanced,default,4,16,36,3,1,True,False,POTION,0,0,152,0,25,0.0,104,1.363,False
5,18,alphabeta,balanced,default,4,16,61,3,0,True,False,ATTACK,9,0,86,0,13,0.0,57,1.021,False
5,20,alphabeta,balanced,default,4,31,61,2,0,False,False,ATTACK,13,0,110,0,13,0.0,76,1.394,False
5,22,alphabeta,balanced,default,4,37,61,1,0,False,False,ATTACK,17,0,119,0,15,0.0,81,1.066,False
5,24,alphabeta,balanced,default,4,18,61,1,0,True,False,ATTACK,27,0,78,0,13,0.0,49,0.737,False
5,26,alphabeta,balanced,default,4,33,61,0,0,False,False,ATTACK,1031,0,63,0,9,0.0,38,0.578,False
5,28,alphabeta,balanced,default,4,16,61,0,0,True,False,ATTACK,1031,0,45,0,9,0.0,25,0.423,False
5,30,alphabeta,balanced,default,4,8,31,0,0,False,False,ATTACK,1031,0,10,0,2,0.0,6,0.099,True
6,2,alphabeta,balanced,default,4,100,84,3,3,False,False,ATTACK,-16,0,204,0,27,0.0,143,2.609,False
6,4,alphabeta,balanced,default,4,83,66,3,3,False,False,ATTACK,-17,0,234,0,31,0.0,167,2.565,False
6,6,alphabeta,balanced,default,4,63,47,3,3,False,False,POTION,-19,0,225,0,26,0.0,161,2.141,False
6,8,alphabeta,balanced,default,4,63,54,3,2,False,False,ATTACK,-19,0,237,0,31,0.0,170,2.275,False
6,10,alphabeta,balanced,default,4,43,34,3,2,False,False,ATTACK,-16,0,234,0,30,0.0,168,2.276,False
6,12,alphabeta,balanced,default,4,23,34,3,2,True,False,POTION,1,0,210,0,30,0.0,150,1.991,False
6,14,alphabeta,balanced,default,4,23,59,3,1,True,False,POTION,16,0,193,0,27,0.0,137,1.806,False
6,16,alphabeta,balanced,default,4,23,84,3,0,True,False,ATTACK,25,0,106,0,13,0.0,73,1.002,False
6,18,alphabeta,balanced,default,4,40,84,2,0,False,False,ATTACK,27,0,136,0,14,0.0,96,1.279,False
6,20,alphabeta,balanced,default,4,25,84,2,0,True,False,ATTACK,33,0,119,0,13,0.0,83,1.121,False
6,22,alphabeta,balanced,default,4,16,84,2,0,True,False,ATTACK,42,0,86,0,13,0.0,57,0.847,False
6,24,alphabeta,balanced,default,4,33,84,1,0,False,False,ATTACK,44,0,102,0,13,0.0,68,0.979,False
6,26,alphabeta,balanced,default,4,40,84,0,0,False,False,SPECIAL,59,0,78,0,9,0.0,49,0.75,False
6,28,alphabeta,balanced,default,4,10,84,0,0,True,False,ATTACK,1054,0,27,0,5,0.0,14,0.277,False
6,30,alphabeta,balanced,default,4,2,54,0,0,False,False,ATTACK,1054,0,9,0,2,0.0,5,0.097,True
7,2,alphabeta,balanced,default,4,100,84,3,3,False,False,ATTACK,-16,0,204,0,27,0.0,143,1.957,False
7,4,alphabeta,balanced,default,4,84,68,3,3,False,False,ATTACK,-16,0,222,0,29,0.0,158,2.184,False
7,6,alphabeta,balanced,default,4,66,52,3,3,False,False,ATTACK,-14,0,237,0,31,0.0,170,2.262,False
7,8,alphabeta,balanced,default,4,48,33,3,3,False,False,ATTACK,-12,0,238,0,30,0.0,171,2.319,False
7,10,alphabeta,balanced,default,4,33,13,3,3,False,False,POTION,-38,0,123,0,16,0.0,86,1.187,False
7,12,alphabeta,balanced,default,4,33,22,3,2,False,False,POTION,-39,0,182,0,22,0.0,128,2.089,False
7,14,alphabeta,balanced,default,4,33,32,3,1,False,False,ATTACK,-18,0,188,0,26,0.0,132,2.487,False
7,16,alphabeta,balanced,default,4,17,32,3,1,True,False,POTION,-5,0,152,0,25,0.0,104,1.507,False
7,18,alphabeta,balanced,default,4,17,57,3,0,True,False,ATTACK,4,0,86,0,13,0.0,57,0.839,False
7,20,alphabeta,balanced,default,4,34,57,2,0,False,False,ATTACK,6,0,114,0,14,0.0,79,1.094,False
7,22,alphabeta,balanced,default,4,40,57,1,0,False,False,ATTACK,10,0,128,0,14,0.0,88,1.231,False
7,24,alphabeta,balanced,default,4,22,57,1,0,True,False,ATTACK,19,0,98,0,13,0.0,65,0.945,False
7,26,alphabeta,balanced,default,4,37,57,0,0,False,False,SPECIAL,1027,0,73,0,10,0.0,45,0.703,False
7,28,alphabeta,balanced,default,4,7,27,0,0,False,False,ATTACK,1027,0,8,0,2,0.0,4,0.087,True
8,2,alphabeta,balanced,default,4,100,82,3,3,False,False,ATTACK,-18,0,207,0,27,0.0,146,2.062,False
8,4,alphabeta,balanced,default,4,80,64,3,3,False,False,ATTACK,-16,0,234,0,31,0.0,167,2.235,False
8,6,alphabeta,balanced,default,4,63,44,3,3,False,False,POTION,-22,0,225,0,26,0.0,161,2.166,False
8,8,alphabeta,balanced,default,4,63,51,3,2,False,False,ATTACK,-22,0,237,0,31,0.0,170,2.286,False
8,10,alphabeta,balanced,default,4,46,32,3,2,False,False,ATTACK,-21,0,238,0,30,0.0,171,2.275,False
8,12,alphabeta,balanced,default,4,26,32,3,2,True,False,POTION,-4,0,237,0,31,0.0,171,2.429,False
8,14,alphabeta,balanced,default,4,26,57,3,1,True,False,POTION,11,0,211,0,28,0.0,151,2.034,False
8,16,alphabeta,balanced,default,4,26,82,3,0,True,False,ATTACK,20,0,119,0,13,0.0,83,1.121,False
8,18,alphabeta,balanced,default,4,17,82,3,0,True,False,ATTACK,29,0,86,0,13,0.0,57,0.827,False
8,20,alphabeta,balanced,default,4,33,82,2,0,False,False,ATTACK,32,0,110,0,13,0.0,76,1.046,False
8,22,alphabeta,balanced,default,4,16,82,2,0,True,False,ATTACK,40,0,86,0,13,0.0,57,0.825,False
8,24,alphabeta,balanced,default,4,33,82,1,0,False,False,ATTACK,42,0,102,0,13,0.0,68,0.98,False
8,26,alphabeta,balanced,default,4,40,82,0,0,False,False,SPECIAL,57,0,78,0,9,0.0,49,0.757,False
8,28,alphabeta,balanced,default,4,10,82,0,0,True,False,ATTACK,1052,0,27,0,5,0.0,14,0.274,True
9,2,alphabeta,balanced,default,4,100,83,3,3,False,False,ATTACK,-17,0,207,0,27,0.0,146,1.978,False
9,4,alphabeta,balanced,default,4,85,68,3,3,False,False,ATTACK,-17,0,222,0,29,0.0,158,2.162,False
9,6,alphabeta,balanced,default,4,66,53,3,3,False,False,ATTACK,-13,0,237,0,31,0.0,170,2.397,False
9,8,alphabeta,balanced,default,4,48,33,3,3,False,False,ATTACK,-12,0,238,0,30,0.0,171,2.31,False
9,10,alphabeta,balanced,default,4,32,13,3,3,False,False,POTION,-37,0,123,0,16,0.0,86,1.176,False
9,12,alphabeta,balanced,default,4,32,21,3,2,False,False,POTION,-39,0,182,0,22,0.0,128,1.616,False
9,14,alphabeta,balanced,default,4,32,31,3,1,False,False,ATTACK,-18,0,188,0,26,0.0,132,1.671,False
9,16,alphabeta,balanced,default,4,38,31,2,1,False,False,ATTACK,-14,0,212,0,27,0.0,151,2.374,False
9,18,alphabeta,balanced,default,4,20,31,2,1,True,False,POTION,1,0,202,0,26,0.0,144,2.006,False
9,20,alphabeta,balanced,default,4,20,56,2,0,True,False,ATTACK,10,0,106,0,13,0.0,73,0.949,False
9,22,alphabeta,balanced,default,4,36,56,1,0,False,False,ATTACK,13,0,106,0,14,0.0,71,0.957,False
9,24,alphabeta,balanced,default,4,16,56,1,0,True,False,ATTACK,24,0,78,0,13,0.0,49,0.71,False
9,26,alphabeta,balanced,default,4,33,56,0,0,False,False,ATTACK,1026,0,63,0,9,0.0,38,0.574,False
9,28,alphabeta,balanced,default,4,13,26,0,0,False,False,ATTACK,1026,0,15,0,3,0.0,9,0.144,True
10,2,alphabeta,balanced,default,4,100,84,3,3,False,False,ATTACK,-16,0,204,0,27,0.0,143,1.836,False
10,4,alphabeta,balanced,default,4,83,66,3,3,False,False,ATTACK,-17,0,234,0,31,0.0,167,2.165,False
10,6,alphabeta,balanced,default,4,65,46,3,3,False,False,POTION,-22,0,225,0,26,0.0,161,1.979,False
10,8,alphabeta,balanced,default,4,65,53,3,2,False,False,ATTACK,-22,0,237,0,31,0.0,170,2.096,False
10,10,alphabeta,balanced,default,4,50,36,3,2,False,False,POTION,-27,0,203,0,27,0.0,142,1.831,False
10,12,alphabeta,balanced,default,4,50,41,3,1,False,False,POTION,-32,0,213,0,23,0.0,152,1.893,False
10,14,alphabeta,balanced,default,4,50,48,3,0,False,False,SPECIAL,-41,0,127,0,11,0.0,88,1.132,False
10,16,alphabeta,balanced,default,4,20,18,3,0,False,False,ATTACK,-1032,0,35,0,5,0.0,21,0.328,True
11,2,alphabeta,balanced,default,4,100,82,3,3,False,False,ATTACK,-18,0,207,0,27,0.0,146,1.919,False
11,4,alphabeta,balanced,default,4,85,64,3,3,False,False,ATTACK,-21,0,222,0,29,0.0,158,2.226,False
11,6,alphabeta,balanced,default,4,69,44,3,3,False,False,POTION,-28,0,225,0,26,0.0,161,2.02,False
11,8,alphabeta,balanced,default,4,69,50,3,2,False,False,ATTACK,-29,0,237,0,31,0.0,170,2.09,False
11,10,alphabeta,balanced,default,4,52,30,3,2,False,False,POTION,-35,0,212,0,22,0.0,153,1.889,False
11,12,alphabeta,balanced,default,4,52,37,3,1,False,False,POTION,-38,0,194,0,24,0.0,136,1.716,False
11,14,alphabeta,balanced,default,4,52,46,3,0,False,False,SPECIAL,-45,0,127,0,11,0.0,88,1.329,False
11,16,alphabeta,balanced,default,4,22,16,3,0,False,False,ATTACK,-1034,0,35,0,5,0.0,21,0.502,True
12,2,alphabeta,balanced,default,4,100,82,3,3,False,False,ATTACK,-18,0,207,0,27,0.0,146,1.83,False
12,4,alphabeta,balanced,default,4,81,64,3,3,False,False,ATTACK,-17,0,234,0,31,0.0,167,2.029,False
12,6,alphabeta,balanced,default,4,62,49,3,3,False,False,ATTACK,-13,0,237,0,31,0.0,170,2.15,False
12,8,alphabeta,balanced,default,4,42,29,3,3,False,False,POTION,-16,0,231,0,24,0.0,168,1.991,False
12,10,alphabeta,balanced,default,4,42,36,3,2,False,False,ATTACK,-13,0,234,0,30,0.0,168,2.197,False
12,12,alphabeta,balanced,default,4,22,36,3,2,True,False,POTION,4,0,210,0,30,0.0,150,1.886,False
12,14,alphabeta,balanced,default,4,22,61,3,1,True,False,POTION,19,0,193,0,27,0.0,137,1.71,False
12,16,alphabeta,balanced,default,4,22,86,3,0,True,False,ATTACK,28,0,106,0,13,0.0,73,0.952,False
12,18,alphabeta,balanced,default,4,39,86,2,0,False,False,ATTACK,30,0,127,0,15,0.0,89,1.118,False
12,20,alphabeta,balanced,default,4,19,86,2,0,True,False,ATTACK,41,0,106,0,13,0.0,73,0.945,False
12,22,alphabeta,balanced,default,4,36,86,1,0,False,False,ATTACK,43,0,106,0,14,0.0,71,0.937,False
12,24,alphabeta,balanced,default,4,18,86,1,0,True,False,ATTACK,52,0,78,0,13,0.0,49,0.715,False
12,26,alphabeta,balanced,default,4,34,86,0,0,False,False,SPECIAL,1056,0,63,0,9,0.0,38,0.571,False
12,28,alphabeta,balanced,default,4,4,56,0,0,False,False,ATTACK,1056,0,8,0,2,0.0,4,0.081,True
13,2,alphabeta,balanced,default,4,100,81,3,3,False,False,ATTACK,-19,0,207,0,27,0.0,146,2.548,False
13,4,alphabeta,balanced,default,4,82,66,3,3,False,False,ATTACK,-16,0,234,0,31,0.0,167,2.31,False
13,6,alphabeta,balanced,default,4,62,51,3,3,False,False,ATTACK,-11,0,237,0,31,0.0,170,2.136,False
13,8,alphabeta,balanced,default,4,44,34,3,3,False,False,ATTACK,-7,0,234,0,30,0.0,168,1.859,False
13,10,alphabeta,balanced,default,4,28,34,3,3,True,False,POTION,6,0,248,0,31,0.0,180,1.908,False
13,12,alphabeta,balanced,default,4,28,59,3,2,True,False,POTION,21,0,243,0,34,0.0,175,1.898,False
13,14,alphabeta,balanced,default,4,28,84,3,1,True,False,ATTACK,30,0,220,0,30,0.0,156,1.674,False
13,16,alphabeta,balanced,default,4,20,84,3,1,True,False,ATTACK,38,0,184,0,27,0.0,128,1.409,False
13,18,alphabeta,balanced,default,4,37,84,2,1,False,False,ATTACK,40,0,212,0,30,0.0,149,1.611,False
13,20,alphabeta,balanced,default,4,21,84,2,1,True,False,ATTACK,47,0,184,0,27,0.0,128,1.888,False
13,22,alphabeta,balanced,default,4,36,84,1,1,False,False,ATTACK,51,0,183,0,28,0.0,124,1.588,False
13,24,alphabeta,balanced,default,4,18,84,1,1,True,False,ATTACK,60,0,132,0,25,0.0,84,1.139,False
13,26,alphabeta,balanced,default,4,33,84,0,1,False,False,ATTACK,1064,0,115,0,20,0.0,71,0.869,False
13,28,alphabeta,balanced,default,4,15,54,0,1,False,False,ATTACK,1064,0,33,0,7,0.0,19,0.261,True
14,2,alphabeta,balanced,default,4,100,80,3,3,False,False,ATTACK,-20,0,207,0,27,0.0,146,2.003,False
14,4,alphabeta,balanced,default,4,80,65,3,3,False,False,ATTACK,-15,0,234,0,31,0.0,167,1.955,False
14,6,alphabeta,balanced,default,4,65,50,3,3,False,False,ATTACK,-15,0,237,0,31,0.0,170,3.108,False
14,8,alphabeta,balanced,default,4,46,32,3,3,False,False,ATTACK,-11,0,238,0,30,0.0,171,2.828,False
14,10,alphabeta,balanced,default,4,29,32,3,3,True,False,POTION,3,0,257,0,31,0.0,187,2.465,False
14,12,alphabeta,balanced,default,4,29,57,3,2,True,False,POTION,18,0,246,0,34,0.0,178,1.777,False
14,14,alphabeta,balanced,default,4,29,82,3,1,True,False,ATTACK,27,0,229,0,30,0.0,165,1.67,False
14,16,alphabeta,balanced,default,4,19,82,3,1,True,False,ATTACK,37,0,193,0,27,0.0,137,1.394,False
14,18,alphabeta,balanced,default,4,34,82,2,1,False,False,ATTACK,41,0,203,0,28,0.0,144,1.466,False
14,20,alphabeta,balanced,default,4,19,82,2,1,True,False,ATTACK,47,0,193,0,27,0.0,137,1.505,False
14,22,alphabeta,balanced,default,4,36,82,1,1,False,False,ATTACK,49,0,189,0,28,0.0,130,1.478,False
14,24,alphabeta,balanced,default,4,17,82,1,1,True,False,ATTACK,59,0,138,0,25,0.0,90,1.094,False
14,26,alphabeta,balanced,default,4,34,82,0,1,False,False,SPECIAL,1062,0,113,0,19,0.0,70,0.967,False
14,28,alphabeta,balanced,default,4,4,52,0,1,False,False,ATTACK,1062,0,17,0,5,0.0,8,0.183,True
15,2,alphabeta,balanced,default,4,100,81,3,3,False,False,ATTACK,-19,0,207,0,27,0.0,146,1.633,False
15,4,alphabeta,balanced,default,4,80,65,3,3,False,False,ATTACK,-15,0,234,0,31,0.0,167,1.838,False
15,6,alphabeta,balanced,default,4,63,47,3,3,False,False,POTION,-19,0,225,0,26,0.0,161,2.013,False
15,8,alphabeta,balanced,default,4,63,57,3,2,False,False,ATTACK,-16,0,237,0,31,0.0,170,2.225,False
15,10,alphabeta,balanced,default,4,47,37,3,2,False,False,ATTACK,-17,0,234,0,30,0.0,168,2.051,False
15,12,alphabeta,balanced,default,4,31,22,3,2,False,False,POTION,-37,0,182,0,22,0.0,128,1.42,False
15,14,alphabeta,balanced,default,4,31,29,3,1,False,False,POTION,-25,0,191,0,22,0.0,136,1.483,False
15,16,alphabeta,balanced,default,4,31,38,3,0,False,False,ATTACK,-20,0,100,0,13,0.0,68,1.093,False
15,18,alphabeta,balanced,default,4,16,38,3,0,True,False,ATTACK,-14,0,86,0,13,0.0,57,0.845,False
15,20,alphabeta,balanced,default,4,32,38,2,0,False,False,ATTACK,-11,0,100,0,13,0.0,68,1.824,False
15,22,alphabeta,balanced,default,4,38,38,1,0,False,False,ATTACK,-7,0,109,0,14,0.0,73,1.263,False
15,24,alphabeta,balanced,default,4,23,38,1,0,True,False,ATTACK,-1,0,98,0,12,0.0,65,1.06,False
15,26,alphabeta,balanced,default,4,39,38,0,0,False,False,SPECIAL,1008,0,65,0,9,0.0,39,0.508,False
15,28,alphabeta,balanced,default,4,9,8,0,0,False,False,ATTACK,1008,0,5,0,1,0.0,3,0.046,True
16,2,alphabeta,balanced,default,4,100,81,3,3,False,False,ATTACK,-19,0,207,0,27,0.0,146,1.583,False
16,4,alphabeta,balanced,default,4,84,65,3,3,False,False,ATTACK,-19,0,222,0,29,0.0,158,1.689,False
16,6,alphabeta,balanced,default,4,67,47,3,3,False,False,POTION,-23,0,225,0,26,0.0,161,1.717,False
16,8,alphabeta,balanced,default,4,67,56,3,2,False,False,ATTACK,-21,0,237,0,31,0.0,170,1.773,False
16,10,alphabeta,balanced,default,4,51,37,3,2,False,False,POTION,-27,0,206,0,27,0.0,145,1.917,False
16,12,alphabeta,balanced,default,4,51,47,3,1,False,False,POTION,-27,0,213,0,23,0.0,152,1.65,False
16,14,alphabeta,balanced,default,4,51,52,3,0,False,False,ATTACK,-29,0,138,0,15,0.0,97,1.169,False
16,16,alphabeta,balanced,default,4,34,33,3,0,False,False,ATTACK,-28,0,108,0,14,0.0,74,0.847,False
16,18,alphabeta,balanced,default,4,39,33,2,0,False,False,ATTACK,-23,0,121,0,15,0.0,84,0.886,False
16,20,alphabeta,balanced,default,4,20,33,2,0,True,False,ATTACK,-13,0,111,0,12,0.0,77,0.806,False
16,22,alphabeta,balanced,default,4,37,33,1,0,False,False,ATTACK,-11,0,113,0,15,0.0,76,0.818,False
16,24,alphabeta,balanced,default,4,18,33,1,0,True,False,ATTACK,-1,0,78,0,13,0.0,49,0.655,False
16,26,alphabeta,balanced,default,4,33,33,0,0,False,False,ATTACK,1003,0,58,0,9,0.0,34,0.439,False
16,28,alphabeta,balanced,default,4,17,33,0,0,True,False,ATTACK,1003,0,45,0,9,0.0,25,0.587,False
16,30,alphabeta,balanced,default,4,8,3,0,0,False,False,ATTACK,1003,0,6,0,1,0.0,4,0.063,True
17,2,alphabeta,balanced,default,4,100,83,3,3,False,False,ATTACK,-17,0,207,0,27,0.0,146,1.462,False
17,4,alphabeta,balanced,default,4,84,63,3,3,False,False,ATTACK,-21,0,222,0,29,0.0,158,1.593,False
17,6,alphabeta,balanced,default,4,69,46,3,3,False,False,POTION,-26,0,225,0,26,0.0,161,1.718,False
17,8,alphabeta,balanced,default,4,69,53,3,2,False,False,ATTACK,-26,0,237,0,31,0.0,170,1.77,False
17,10,alphabeta,balanced,default,4,52,37,3,2,False,False,POTION,-28,0,206,0,27,0.0,145,1.533,False
17,12,alphabeta,balanced,default,4,52,42,3,1,False,False,POTION,-33,0,213,0,23,0.0,152,1.543,False
17,14,alphabeta,balanced,default,4,52,47,3,0,False,False,SPECIAL,-44,0,127,0,11,0.0,88,0.939,False
17,16,alphabeta,balanced,default,4,22,17,3,0,False,False,ATTACK,-1034,0,35,0,5,0.0,21,0.27,True
18,2,alphabeta,balanced,default,4,100,81,3,3,False,False,ATTACK,-19,0,207,0,27,0.0,146,2.871,False
18,4,alphabeta,balanced,default,4,80,65,3,3,False,False,ATTACK,-15,0,234,0,31,0.0,167,2.715,False
18,6,alphabeta,balanced,default,4,63,49,3,3,False,False,ATTACK,-14,0,237,0,31,0.0,170,1.782,False
18,8,alphabeta,balanced,default,4,44,34,3,3,False,False,ATTACK,-7,0,234,0,30,0.0,168,1.771,False
18,10,alphabeta,balanced,default,4,24,34,3,3,True,False,POTION,10,0,210,0,30,0.0,150,1.561,False
18,12,alphabeta,balanced,default,4,24,59,3,2,True,False,POTION,25,0,207,0,31,0.0,147,1.539,False
18,14,alphabeta,balanced,default,4,24,84,3,1,True,False,ATTACK,34,0,184,0,27,0.0,128,1.413,False
18,16,alphabeta,balanced,default,4,16,84,3,1,True,False,ATTACK,42,0,143,0,25,0.0,95,1.037,False
18,18,alphabeta,balanced,default,4,33,84,2,1,False,False,ATTACK,44,0,190,0,27,0.0,132,1.382,False
18,20,alphabeta,balanced,default,4,40,84,1,1,False,False,ATTACK,47,0,215,0,30,0.0,149,1.559,False
18,22,alphabeta,balanced,default,4,22,84,1,1,True,False,ATTACK,56,0,173,0,27,0.0,117,1.257,False
18,24,alphabeta,balanced,default,4,39,84,0,1,False,False,SPECIAL,1064,0,127,0,21,0.0,80,0.926,False
18,26,alphabeta,balanced,default,4,9,54,0,1,False,False,ATTACK,1064,0,17,0,5,0.0,8,0.139,True
19,2,alphabeta,balanced,default,4,100,85,3,3,False,False,ATTACK,-15,0,204,0,27,0.0,143,1.506,False
19,4,alphabeta,balanced,default,4,85,70,3,3,False,False,ATTACK,-15,0,222,0,29,0.0,158,1.615,False
19,6,alphabeta,balanced,default,4,65,52,3,3,False,False,ATTACK,-13,0,237,0,31,0.0,170,1.712,False
19,8,alphabeta,balanced,default,4,49,36,3,3,False,False,POTION,-16,0,203,0,27,0.0,142,1.483,False
19,10,alphabeta,balanced,default,4,49,46,3,2,False,False,POTION,-16,0,225,0,26,0.0,161,1.634,False
19,12,alphabeta,balanced,default,4,49,53,3,1,False,False,ATTACK,-16,0,225,0,28,0.0,161,1.888,False
19,14,alphabeta,balanced,default,4,30,53,3,1,True,False,POTION,3,0,229,0,30,0.0,165,1.894,False
19,16,alphabeta,balanced,default,4,30,78,3,0,True,False,ATTACK,12,0,132,0,14,0.0,93,0.95,False
19,18,alphabeta,balanced,default,4,22,78,3,0,True,False,ATTACK,20,0,106,0,13,0.0,73,0.768,False
19,20,alphabeta,balanced,default,4,38,78,2,0,False,False,ATTACK,23,0,127,0,15,0.0,89,0.916,False
19,22,alphabeta,balanced,default,4,19,78,2,0,True,False,ATTACK,33,0,106,0,13,0.0,73,0.769,False
19,24,alphabeta,balanced,default,4,34,78,1,0,False,False,ATTACK,37,0,106,0,14,0.0,71,0.776,False
19,26,alphabeta,balanced,default,4,19,78,1,0,True,False,ATTACK,43,0,98,0,13,0.0,65,0.722,False
19,28,alphabeta,balanced,default,4,34,78,0,0,False,False,SPECIAL,1048,0,63,0,9,0.0,38,0.474,False
19,30,alphabeta,balanced,default,4,4,48,0,0,False,False,ATTACK,1048,0,8,0,2,0.0,4,0.068,True
20,2,alphabeta,balanced,default,4,100,80,3,3,False,False,ATTACK,-20,0,207,0,27,0.0,146,2.608,False
20,4,alphabeta,balanced,default,4,81,64,3,3,False,False,ATTACK,-17,0,234,0,31,0.0,167,2.196,False
20,6,alphabeta,balanced,default,4,65,48,3,3,False,False,POTION,-20,0,225,0,26,0.0,161,1.895,False
20,8,alphabeta,balanced,default,4,65,55,3,2,False,False,ATTACK,-20,0,237,0,31,0.0,170,1.927,False
20,10,alphabeta,balanced,default,4,48,38,3,2,False,False,ATTACK,-17,0,234,0,30,0.0,168,1.858,False
20,12,alphabeta,balanced,default,4,32,23,3,2,False,False,POTION,-37,0,182,0,22,0.0,128,1.457,False
20,14,alphabeta,balanced,default,4,32,31,3,1,False,False,ATTACK,-18,0,188,0,26,0.0,132,1.467,False
20,16,alphabeta,balanced,default,4,16,31,3,1,True,False,POTION,-5,0,152,0,25,0.0,104,1.219,False
20,18,alphabeta,balanced,default,4,16,56,3,0,True,False,ATTACK,4,0,86,0,13,0.0,57,0.676,False
20,20,alphabeta,balanced,default,4,31,56,2,0,False,False,ATTACK,8,0,110,0,13,0.0,76,0.853,False
20,22,alphabeta,balanced,default,4,16,56,2,0,True,False,ATTACK,14,0,86,0,13,0.0,57,0.677,False
20,24,alphabeta,balanced,default,4,32,56,1,0,False,False,ATTACK,17,0,102,0,13,0.0,68,0.79,False
20,26,alphabeta,balanced,default,4,37,56,0,0,False,False,SPECIAL,1026,0,73,0,10,0.0,45,0.575,False
20,28,alphabeta,balanced,default,4,7,26,0,0,False,False,ATTACK,1026,0,8,0,2,0.0,4,0.071,True
21,2,alphabeta,balanced,default,4,100,80,3,3,False,False,ATTACK,-20,0,207,0,27,0.0,146,1.619,False
21,4,alphabeta,balanced,default,4,85,64,3,3,False,False,ATTACK,-21,0,222,0,29,0.0,158,1.721,False
21,6,alphabeta,balanced,default,4,69,49,3,3,False,False,ATTACK,-20,0,237,0,31,0.0,170,2.761,False
21,8,alphabeta,balanced,default,4,54,31,3,3,False,False,POTION,-26,0,207,0,27,0.0,145,2.266,False
21,10,alphabeta,balanced,default,4,54,38,3,2,False,False,POTION,-29,0,206,0,27,0.0,145,1.741,False
21,12,alphabeta,balanced,default,4,54,45,3,1,False,False,POTION,-32,0,213,0,23,0.0,152,1.551,False
21,14,alphabeta,balanced,default,4,54,54,3,0,False,False,ATTACK,-30,0,138,0,15,0.0,97,1.004,False
21,16,alphabeta,balanced,default,4,35,35,3,0,False,False,ATTACK,-27,0,104,0,14,0.0,71,0.762,False
21,18,alphabeta,balanced,default,4,17,35,3,0,True,False,ATTACK,-18,0,86,0,13,0.0,57,0.641,False
21,20,alphabeta,balanced,default,4,34,35,2,0,False,False,ATTACK,-16,0,104,0,14,0.0,71,0.762,False
21,22,alphabeta,balanced,default,4,18,35,2,0,True,False,ATTACK,-9,0,86,0,13,0.0,57,0.637,False
21,24,alphabeta,balanced,default,4,34,35,1,0,False,False,ATTACK,-6,0,96,0,14,0.0,63,0.703,False
21,26,alphabeta,balanced,default,4,18,35,1,0,True,False,ATTACK,1,0,78,0,13,0.0,49,0.974,False
21,28,alphabeta,balanced,default,4,33,35,0,0,False,False,ATTACK,1005,0,55,0,9,0.0,32,0.804,False
21,30,alphabeta,balanced,default,4,15,5,0,0,False,False,ATTACK,1005,0,8,0,1,0.0,5,0.1,True
22,2,alphabeta,balanced,default,4,100,84,3,3,False,False,ATTACK,-16,0,204,0,27,0.0,143,2.709,False
22,4,alphabeta,balanced,default,4,85,65,3,3,False,False,ATTACK,-20,0,222,0,29,0.0,158,1.837,False
22,6,alphabeta,balanced,default,4,65,49,3,3,False,False,ATTACK,-16,0,237,0,31,0.0,170,1.968,False
22,8,alphabeta,balanced,default,4,45,31,3,3,False,False,ATTACK,-11,0,238,0,30,0.0,171,1.839,False
22,10,alphabeta,balanced,default,4,26,31,3,3,True,False,POTION,5,0,237,0,31,0.0,171,1.833,False
22,12,alphabeta,balanced,default,4,26,56,3,2,True,False,POTION,20,0,228,0,32,0.0,164,1.699,False
22,14,alphabeta,balanced,default,4,26,81,3,1,True,False,ATTACK,29,0,211,0,28,0.0,151,1.555,False
22,16,alphabeta,balanced,default,4,18,81,3,1,True,False,ATTACK,37,0,152,0,25,0.0,104,1.151,False
22,18,alphabeta,balanced,default,4,33,81,2,1,False,False,ATTACK,41,0,199,0,27,0.0,141,1.459,False
22,20,alphabeta,balanced,default,4,39,81,1,1,False,False,ATTACK,45,0,207,0,30,0.0,144,1.479,False
22,22,alphabeta,balanced,default,4,24,81,1,1,True,False,ATTACK,51,0,179,0,27,0.0,123,1.64,False
22,24,alphabeta,balanced,default,4,40,81,0,1,False,False,SPECIAL,66,0,134,0,20,0.0,86,0.974,False
22,26,alphabeta,balanced,default,4,10,81,0,1,True,False,ATTACK,1061,0,53,0,11,0.0,29,0.409,True
23,2,alphabeta,balanced,default,4,100,81,3,3,False,False,ATTACK,-19,0,207,0,27,0.0,146,1.537,False
23,4,alphabeta,balanced,default,4,80,62,3,3,False,False,ATTACK,-18,0,234,0,31,0.0,167,1.71,False
23,6,alphabeta,balanced,default,4,62,44,3,3,False,False,POTION,-21,0,225,0,26,0.0,161,1.641,False
23,8,alphabeta,balanced,default,4,62,53,3,2,False,False,ATTACK,-19,0,237,0,31,0.0,170,1.733,False
23,10,alphabeta,balanced,default,4,44,35,3,2,False,False,ATTACK,-16,0,234,0,30,0.0,168,1.741,False
23,12,alphabeta,balanced,default,4,24,35,3,2,True,False,POTION,1,0,210,0,30,0.0,150,1.85,False
23,14,alphabeta,balanced,default,4,24,60,3,1,True,False,POTION,16,0,193,0,27,0.0,137,1.549,False
23,16,alphabeta,balanced,default,4,24,85,3,0,True,False,ATTACK,25,0,106,0,13,0.0,73,0.864,False
23,18,alphabeta,balanced,default,4,39,85,2,0,False,False,ATTACK,29,0,127,0,15,0.0,89,1.059,False
23,20,alphabeta,balanced,default,4,21,85,2,0,True,False,ATTACK,38,0,106,0,13,0.0,73,0.859,False
23,22,alphabeta,balanced,default,4,37,85,1,0,False,False,ATTACK,41,0,119,0,15,0.0,81,0.954,False
23,24,alphabeta,balanced,default,4,19,85,1,0,True,False,ATTACK,50,0,98,0,13,0.0,65,0.808,False
23,26,alphabeta,balanced,default,4,35,85,0,0,False,False,SPECIAL,1055,0,63,0,9,0.0,38,0.52,False
23,28,alphabeta,balanced,default,4,5,55,0,0,False,False,ATTACK,1055,0,8,0,2,0.0,4,0.075,True
24,2,alphabeta,balanced,default,4,100,83,3,3,False,False,ATTACK,-17,0,207,0,27,0.0,146,1.69,False
24,4,alphabeta,balanced,default,4,83,63,3,3,False,False,ATTACK,-20,0,234,0,31,0.0,167,1.823,False
24,6,alphabeta,balanced,default,4,64,43,3,3,False,False,POTION,-24,0,225,0,26,0.0,161,1.776,False
24,8,alphabeta,balanced,default,4,64,50,3,2,False,False,ATTACK,-24,0,237,0,31,0.0,170,1.852,False
24,10,alphabeta,balanced,default,4,45,30,3,2,False,False,POTION,-28,0,231,0,24,0.0,168,1.797,False
24,12,alphabeta,balanced,default,4,45,39,3,1,False,False,ATTACK,-23,0,222,0,27,0.0,159,1.735,False
24,14,alphabeta,balanced,default,4,30,39,3,1,True,False,POTION,-11,0,231,0,27,0.0,167,1.792,False
24,16,alphabeta,balanced,default,4,30,64,3,0,True,False,ATTACK,-2,0,132,0,14,0.0,93,1.839,False
24,18,alphabeta,balanced,default,4,20,64,3,0,True,False,ATTACK,8,0,106,0,13,0.0,73,1.626,False
24,20,alphabeta,balanced,default,4,36,64,2,0,False,False,ATTACK,11,0,114,0,14,0.0,79,1.549,False
24,22,alphabeta,balanced,default,4,19,64,2,0,True,False,ATTACK,19,0,106,0,13,0.0,73,1.192,False
24,24,alphabeta,balanced,default,4,36,64,1,0,False,False,ATTACK,21,0,106,0,14,0.0,71,0.963,False
24,26,alphabeta,balanced,default,4,18,64,1,0,True,False,ATTACK,30,0,78,0,13,0.0,49,0.641,False
24,28,alphabeta,balanced,default,4,35,64,0,0,False,False,SPECIAL,1034,0,63,0,9,0.0,38,0.511,False
24,30,alphabeta,balanced,default,4,5,34,0,0,False,False,ATTACK,1034,0,8,0,2,0.0,4,0.072,True
25,2,alphabeta,balanced,default,4,100,80,3,3,False,False,ATTACK,-20,0,207,0,27,0.0,146,1.579,False
25,4,alphabeta,balanced,default,4,84,61,3,3,False,False,ATTACK,-23,0,222,0,29,0.0,158,1.671,False
25,6,alphabeta,balanced,default,4,67,41,3,3,False,False,POTION,-29,0,225,0,26,0.0,161,1.787,False
25,8,alphabeta,balanced,default,4,67,49,3,2,False,False,ATTACK,-28,0,237,0,31,0.0,170,1.731,False
25,10,alphabeta,balanced,default,4,47,31,3,2,False,False,ATTACK,-23,0,238,0,30,0.0,171,1.722,False
25,12,alphabeta,balanced,default,4,32,15,3,2,False,False,POTION,-45,0,124,0,15,0.0,86,0.913,False
25,14,alphabeta,balanced,default,4,32,23,3,1,False,False,POTION,-53,0,175,0,21,0.0,122,1.271,False
25,16,alphabeta,balanced,default,4,32,18,3,0,False,False,DEFEND,-1032,0,51,0,7,0.0,31,0.388,False
25,18,alphabeta,balanced,default,4,32,9,3,0,False,False,SPECIAL,-1032,0,38,0,6,0.0,24,0.289,True
26,2,alphabeta,balanced,default,4,100,84,3,3,False,False,ATTACK,-16,0,204,0,27,0.0,143,1.501,False
26,4,alphabeta,balanced,default,4,80,65,3,3,False,False,ATTACK,-15,0,234,0,31,0.0,167,1.728,False
26,6,alphabeta,balanced,default,4,65,49,3,3,False,False,ATTACK,-16,0,237,0,31,0.0,170,3.647,False
26,8,alphabeta,balanced,default,4,48,30,3,3,False,False,POTION,-21,0,231,0,24,0.0,168,2.892,False
26,10,alphabeta,balanced,default,4,48,38,3,2,False,False,ATTACK,-17,0,234,0,30,0.0,168,2.733,False
26,12,alphabeta,balanced,default,4,28,38,3,2,True,False,POTION,0,0,248,0,31,0.0,180,2.704,False
26,14,alphabeta,balanced,default,4,28,63,3,1,True,False,POTION,15,0,229,0,30,0.0,165,1.909,False
26,16,alphabeta,balanced,default,4,28,88,3,0,True,False,ATTACK,24,0,132,0,14,0.0,93,0.967,False
26,18,alphabeta,balanced,default,4,19,88,3,0,True,False,ATTACK,33,0,106,0,13,0.0,73,1.487,False
26,20,alphabeta,balanced,default,4,34,88,2,0,False,False,ATTACK,37,0,114,0,14,0.0,79,1.121,False
26,22,alphabeta,balanced,default,4,19,88,2,0,True,False,ATTACK,43,0,106,0,13,0.0,73,0.78,False
26,24,alphabeta,balanced,default,4,35,88,1,0,False,False,ATTACK,46,0,106,0,14,0.0,71,0.769,False
26,26,alphabeta,balanced,default,4,17,88,1,0,True,False,ATTACK,55,0,78,0,13,0.0,49,0.578,False
26,28,alphabeta,balanced,default,4,34,88,0,0,False,False,SPECIAL,1058,0,63,0,9,0.0,38,0.463,False
26,30,alphabeta,balanced,default,4,4,58,0,0,False,False,ATTACK,1058,0,8,0,2,0.0,4,0.066,True
27,2,alphabeta,balanced,default,4,100,83,3,3,False,False,ATTACK,-17,0,207,0,27,0.0,146,1.51,False
27,4,alphabeta,balanced,default,4,83,63,3,3,False,False,ATTACK,-20,0,234,0,31,0.0,167,1.708,False
27,6,alphabeta,balanced,default,4,63,48,3,3,False,False,POTION,-18,0,225,0,26,0.0,161,1.652,False
27,8,alphabeta,balanced,default,4,63,57,3,2,False,False,ATTACK,-16,0,237,0,31,0.0,170,1.846,False
27,10,alphabeta,balanced,default,4,45,39,3,2,False,False,ATTACK,-13,0,234,0,30,0.0,168,2.752,False
27,12,alphabeta,balanced,default,4,25,39,3,2,True,False,POTION,4,0,228,0,31,0.0,164,2.405,False
27,14,alphabeta,balanced,default,4,25,64,3,1,True,False,POTION,19,0,211,0,28,0.0,151,1.998,False
27,16,alphabeta,balanced,default,4,25,89,3,0,True,False,ATTACK,28,0,119,0,13,0.0,83,0.909,False
27,18,alphabeta,balanced,default,4,16,89,3,0,True,False,ATTACK,37,0,86,0,13,0.0,57,0.723,False
27,20,alphabeta,balanced,default,4,31,89,2,0,False,False,ATTACK,41,0,110,0,13,0.0,76,0.82,False
27,22,alphabeta,balanced,default,4,39,89,1,0,False,False,ATTACK,43,0,119,0,15,0.0,81,0.896,False
27,24,alphabeta,balanced,default,4,20,89,1,0,True,False,ATTACK,53,0,98,0,13,0.0,65,0.747,False
27,26,alphabeta,balanced,default,4,36,89,0,0,False,False,SPECIAL,1059,0,63,0,9,0.0,38,0.486,False
27,28,alphabeta,balanced,default,4,6,59,0,0,False,False,ATTACK,1059,0,8,0,2,0.0,4,0.069,True
28,2,alphabeta,balanced,default,4,100,83,3,3,False,False,ATTACK,-17,0,207,0,27,0.0,146,1.49,False
28,4,alphabeta,balanced,default,4,80,65,3,3,False,False,ATTACK,-15,0,234,0,31,0.0,167,1.72,False
28,6,alphabeta,balanced,default,4,64,45,3,3,False,False,POTION,-22,0,225,0,26,0.0,161,1.677,False
28,8,alphabeta,balanced,default,4,64,53,3,2,False,False,ATTACK,-21,0,237,0,31,0.0,170,1.703,False
28,10,alphabeta,balanced,default,4,47,38,3,2,False,False,ATTACK,-16,0,234,0,30,0.0,168,1.712,False
28,12,alphabeta,balanced,default,4,29,38,3,2,True,False,POTION,-1,0,248,0,31,0.0,180,1.795,False
28,14,alphabeta,balanced,default,4,29,63,3,1,True,False,POTION,14,0,229,0,30,0.0,165,1.643,False
28,16,alphabeta,balanced,default,4,29,88,3,0,True,False,ATTACK,23,0,132,0,14,0.0,93,0.942,False
28,18,alphabeta,balanced,default,4,19,88,3,0,True,False,ATTACK,33,0,106,0,13,0.0,73,0.807,False
28,20,alphabeta,balanced,default,4,36,88,2,0,False,False,ATTACK,35,0,114,0,14,0.0,79,0.812,False
28,22,alphabeta,balanced,default,4,17,88,2,0,True,False,ATTACK,45,0,86,0,13,0.0,57,0.635,False
28,24,alphabeta,balanced,default,4,34,88,1,0,False,False,ATTACK,47,0,106,0,14,0.0,71,0.777,False
28,26,alphabeta,balanced,default,4,39,88,0,0,False,False,SPECIAL,1058,0,73,0,10,0.0,45,0.545,False
28,28,alphabeta,balanced,default,4,9,58,0,0,False,False,ATTACK,1058,0,8,0,2,0.0,4,0.067,True
29,2,alphabeta,balanced,default,4,100,80,3,3,False,False,ATTACK,-20,0,207,0,27,0.0,146,1.5,False
29,4,alphabeta,balanced,default,4,85,62,3,3,False,False,ATTACK,-23,0,222,0,29,0.0,158,1.623,False
29,6,alphabeta,balanced,default,4,65,45,3,3,False,False,POTION,-23,0,225,0,26,0.0,161,1.641,False
29,8,alphabeta,balanced,default,4,65,52,3,2,False,False,ATTACK,-23,0,237,0,31,0.0,170,1.729,False
29,10,alphabeta,balanced,default,4,45,37,3,2,False,False,ATTACK,-15,0,234,0,30,0.0,168,1.791,False
29,12,alphabeta,balanced,default,4,28,37,3,2,True,False,POTION,-1,0,248,0,31,0.0,180,1.781,False
29,14,alphabeta,balanced,default,4,28,62,3,1,True,False,POTION,14,0,229,0,30,0.0,165,1.67,False
29,16,alphabeta,balanced,default,4,28,87,3,0,True,False,ATTACK,23,0,132,0,14,0.0,93,0.952,False
29,18,alphabeta,balanced,default,4,20,87,3,0,True,False,ATTACK,31,0,106,0,13,0.0,73,0.765,False
29,20,alphabeta,balanced,default,4,36,87,2,0,False,False,ATTACK,34,0,114,0,14,0.0,79,0.83,False
29,22,alphabeta,balanced,default,4,16,87,2,0,True,False,ATTACK,45,0,86,0,13,0.0,57,0.637,False
29,24,alphabeta,balanced,default,4,32,87,1,0,False,False,ATTACK,48,0,102,0,13,0.0,68,0.752,False
29,26,alphabeta,balanced,default,4,39,87,0,0,False,False,SPECIAL,1057,0,73,0,10,0.0,45,0.541,False
29,28,alphabeta,balanced,default,4,9,57,0,0,False,False,ATTACK,1057,0,8,0,2,0.0,4,0.067,True
30,2,alphabeta,balanced,default,4,100,82,3,3,False,False,ATTACK,-18,0,207,0,27,0.0,146,1.836,False
30,4,alphabeta,balanced,default,4,80,63,3,3,False,False,ATTACK,-17,0,234,0,31,0.0,167,1.729,False
30,6,alphabeta,balanced,default,4,60,47,3,3,False,False,POTION,-16,0,225,0,26,0.0,161,1.619,False
30,8,alphabeta,balanced,default,4,60,53,3,2,False,False,ATTACK,-17,0,237,0,31,0.0,170,1.729,False
30,10,alphabeta,balanced,default,4,43,33,3,2,False,False,ATTACK,-17,0,238,0,30,0.0,171,1.717,False
30,12,alphabeta,balanced,default,4,26,33,3,2,True,False,POTION,-3,0,237,0,31,0.0,171,1.707,False
30,14,alphabeta,balanced,default,4,26,58,3,1,True,False,POTION,12,0,211,0,28,0.0,151,1.514,False
30,16,alphabeta,balanced,default,4,26,83,3,0,True,False,ATTACK,21,0,119,0,13,0.0,83,0.857,False
30,18,alphabeta,balanced,default,4,18,83,3,0,True,False,ATTACK,29,0,86,0,13,0.0,57,0.627,False
30,20,alphabeta,balanced,default,4,33,83,2,0,False,False,ATTACK,33,0,110,0,13,0.0,76,0.8,False
30,22,alphabeta,balanced,default,4,16,83,2,0,True,False,ATTACK,41,0,86,0,13,0.0,57,0.633,False
30,24,alphabeta,balanced,default,4,32,83,1,0,False,False,ATTACK,44,0,102,0,13,0.0,68,0.859,False
30,26,alphabeta,balanced,default,4,40,83,0,0,False,False,SPECIAL,58,0,78,0,9,0.0,49,0.9,False
30,28,alphabeta,balanced,default,4,10,83,0,0,True,False,ATTACK,1053,0,27,0,5,0.0,14,0.341,True
31,2,alphabeta,balanced,default,4,100,84,3,3,False,False,ATTACK,-16,0,204,0,27,0.0,143,2.31,False
31,4,alphabeta,balanced,default,4,80,66,3,3,False,False,ATTACK,-14,0,234,0,31,0.0,167,2.318,False
31,6,alphabeta,balanced,default,4,64,49,3,3,False,False,ATTACK,-15,0,237,0,31,0.0,170,1.909,False
31,8,alphabeta,balanced,default,4,48,31,3,3,False,False,ATTACK,-14,0,238,0,30,0.0,171,1.873,False
31,10,alphabeta,balanced,default,4,30,31,3,3,True,False,POTION,1,0,257,0,31,0.0,187,2.052,False
31,12,alphabeta,balanced,default,4,30,56,3,2,True,False,POTION,16,0,246,0,34,0.0,178,1.886,False
31,14,alphabeta,balanced,default,4,30,81,3,1,True,False,ATTACK,25,0,229,0,30,0.0,165,1.75,False
31,16,alphabeta,balanced,default,4,21,81,3,1,True,False,ATTACK,34,0,193,0,27,0.0,137,1.486,False
31,18,alphabeta,balanced,default,4,38,81,2,1,False,False,ATTACK,36,0,221,0,30,0.0,158,1.702,False
31,20,alphabeta,balanced,default,4,19,81,2,1,True,False,ATTACK,46,0,193,0,27,0.0,137,1.491,False
31,22,alphabeta,balanced,default,4,35,81,1,1,False,False,ATTACK,49,0,189,0,28,0.0,130,1.459,False
31,24,alphabeta,balanced,default,4,20,81,1,1,True,False,ATTACK,55,0,179,0,27,0.0,123,1.384,False
31,26,alphabeta,balanced,default,4,35,81,0,1,False,False,SPECIAL,1061,0,113,0,19,0.0,70,0.89,False
31,28,alphabeta,balanced,default,4,5,51,0,1,False,False,ATTACK,1061,0,17,0,5,0.0,8,0.152,True
32,2,alphabeta,balanced,default,4,100,82,3,3,False,False,ATTACK,-18,0,207,0,27,0.0,146,1.623,False
32,4,alphabeta,balanced,default,4,80,65,3,3,False,False,ATTACK,-15,0,234,0,31,0.0,167,2.027,False
32,6,alphabeta,balanced,default,4,62,45,3,3,False,False,POTION,-20,0,225,0,26,0.0,161,1.675,False
32,8,alphabeta,balanced,default,4,62,54,3,2,False,False,ATTACK,-18,0,237,0,31,0.0,170,1.701,False
32,10,alphabeta,balanced,default,4,46,39,3,2,False,False,ATTACK,-14,0,234,0,30,0.0,168,1.699,False
32,12,alphabeta,balanced,default,4,28,39,3,2,True,False,POTION,1,0,248,0,31,0.0,180,1.814,False
32,14,alphabeta,balanced,default,4,28,64,3,1,True,False,POTION,16,0,229,0,30,0.0,165,1.63,False
32,16,alphabeta,balanced,default,4,28,89,3,0,True,False,ATTACK,25,0,132,0,14,0.0,93,0.943,False
32,18,alphabeta,balanced,default,4,20,89,3,0,True,False,ATTACK,33,0,106,0,13,0.0,73,0.764,False
32,20,alphabeta,balanced,default,4,35,89,2,0,False,False,ATTACK,37,0,114,0,14,0.0,79,0.825,False
32,22,alphabeta,balanced,default,4,20,89,2,0,True,False,ATTACK,43,0,106,0,13,0.0,73,0.776,False
32,24,alphabeta,balanced,default,4,36,89,1,0,False,False,ATTACK,46,0,106,0,14,0.0,71,0.772,False
32,26,alphabeta,balanced,default,4,20,89,1,0,True,False,ATTACK,53,0,98,0,13,0.0,65,0.733,False
32,28,alphabeta,balanced,default,4,37,89,0,0,False,False,SPECIAL,1059,0,73,0,10,0.0,45,1.421,False
32,30,alphabeta,balanced,default,4,7,59,0,0,False,False,ATTACK,1059,0,8,0,2,0.0,4,0.116,True
33,2,alphabeta,balanced,default,4,100,85,3,3,False,False,ATTACK,-15,0,204,0,27,0.0,143,2.969,False
33,4,alphabeta,balanced,default,4,84,68,3,3,False,False,ATTACK,-16,0,222,0,29,0.0,158,2.051,False
33,6,alphabeta,balanced,default,4,66,49,3,3,False,False,ATTACK,-17,0,237,0,31,0.0,170,1.848,False
33,8,alphabeta,balanced,default,4,51,33,3,3,False,False,POTION,-21,0,207,0,27,0.0,145,1.585,False
33,10,alphabeta,balanced,default,4,51,43,3,2,False,False,POTION,-21,0,225,0,26,0.0,161,1.713,False
33,12,alphabeta,balanced,default,4,51,50,3,1,False,False,ATTACK,-21,0,225,0,28,0.0,161,1.862,False
33,14,alphabeta,balanced,default,4,34,30,3,1,False,False,POTION,-27,0,195,0,22,0.0,139,1.497,False
33,16,alphabeta,balanced,default,4,34,35,3,0,False,False,ATTACK,-26,0,104,0,14,0.0,71,0.786,False
33,18,alphabeta,balanced,default,4,16,35,3,0,True,False,ATTACK,-17,0,86,0,13,0.0,57,0.65,False
33,20,alphabeta,balanced,default,4,32,35,2,0,False,False,ATTACK,-14,0,100,0,13,0.0,68,0.733,False
33,22,alphabeta,balanced,default,4,16,35,2,0,True,False,ATTACK,-7,0,86,0,13,0.0,57,0.686,False
33,24,alphabeta,balanced,default,4,31,35,1,0,False,False,ATTACK,-3,0,92,0,13,0.0,60,0.728,False
33,26,alphabeta,balanced,default,4,16,35,1,0,True,False,ATTACK,3,0,78,0,13,0.0,49,0.584,False
33,28,alphabeta,balanced,default,4,31,35,0,0,False,False,ATTACK,1005,0,55,0,9,0.0,32,0.434,False
33,30,alphabeta,balanced,default,4,13,5,0,0,False,False,ATTACK,1005,0,8,0,1,0.0,5,0.067,True
34,2,alphabeta,balanced,default,4,100,84,3,3,False,False,ATTACK,-16,0,204,0,27,0.0,143,1.568,False
34,4,alphabeta,balanced,default,4,81,66,3,3,False,False,ATTACK,-15,0,234,0,31,0.0,167,2.545,False
34,6,alphabeta,balanced,default,4,61,50,3,3,False,False,ATTACK,-11,0,237,0,31,0.0,170,1.815,False
34,8,alphabeta,balanced,default,4,46,34,3,3,False,False,ATTACK,-9,0,234,0,30,0.0,168,1.755,False
34,10,alphabeta,balanced,default,4,30,34,3,3,True,False,POTION,4,0,248,0,31,0.0,180,1.817,False
34,12,alphabeta,balanced,default,4,30,59,3,2,True,False,POTION,19,0,243,0,34,0.0,175,1.899,False
34,14,alphabeta,balanced,default,4,30,84,3,1,True,False,ATTACK,28,0,220,0,30,0.0,156,2.593,False
34,16,alphabeta,balanced,default,4,21,84,3,1,True,False,ATTACK,37,0,184,0,27,0.0,128,1.392,False
34,18,alphabeta,balanced,default,4,37,84,2,1,False,False,ATTACK,40,0,212,0,30,0.0,149,1.59,False
34,20,alphabeta,balanced,default,4,22,84,2,1,True,False,ATTACK,46,0,184,0,27,0.0,128,1.372,False
34,22,alphabeta,balanced,default,4,37,84,1,1,False,False,ATTACK,50,0,201,0,30,0.0,138,1.485,False
34,24,alphabeta,balanced,default,4,17,84,1,1,True,False,ATTACK,61,0,132,0,25,0.0,84,0.996,False
34,26,alphabeta,balanced,default,4,32,84,0,1,False,False,ATTACK,1064,0,115,0,20,0.0,71,0.851,False
34,28,alphabeta,balanced,default,4,14,54,0,1,False,False,ATTACK,1064,0,33,0,7,0.0,19,0.259,True
35,2,alphabeta,balanced,default,4,100,84,3,3,False,False,ATTACK,-16,0,204,0,27,0.0,143,1.527,False
35,4,alphabeta,balanced,default,4,80,68,3,3,False,False,ATTACK,-12,0,234,0,31,0.0,167,1.714,False
35,6,alphabeta,balanced,default,4,65,53,3,3,False,False,ATTACK,-12,0,237,0,31,0.0,170,1.765,False
35,8,alphabeta,balanced,default,4,46,37,3,3,False,False,ATTACK,-6,0,234,0,30,0.0,168,1.762,False
35,10,alphabeta,balanced,default,4,28,37,3,3,True,False,POTION,9,0,248,0,31,0.0,180,2.011,False
35,12,alphabeta,balanced,default,4,28,62,3,2,True,False,POTION,24,0,240,0,34,0.0,172,1.761,False
35,14,alphabeta,balanced,default,4,28,87,3,1,True,False,ATTACK,33,0,211,0,30,0.0,147,1.563,False
35,16,alphabeta,balanced,default,4,18,87,3,1,True,False,ATTACK,43,0,140,0,25,0.0,92,1.058,False
35,18,alphabeta,balanced,default,4,33,87,2,1,False,False,ATTACK,47,0,184,0,27,0.0,126,1.325,False
35,20,alphabeta,balanced,default,4,40,87,1,1,False,False,ATTACK,50,0,206,0,30,0.0,140,2.092,False
35,22,alphabeta,balanced,default,4,25,87,1,1,True,False,ATTACK,56,0,182,0,28,0.0,122,2.243,False
35,24,alphabeta,balanced,default,4,16,87,1,1,True,False,ATTACK,65,0,129,0,25,0.0,81,1.178,False
35,26,alphabeta,balanced,default,4,32,87,0,1,False,False,ATTACK,1067,0,111,0,20,0.0,67,0.931,False
35,28,alphabeta,balanced,default,4,13,57,0,1,False,False,ATTACK,1067,0,33,0,7,0.0,19,0.284,True
36,2,alphabeta,balanced,default,4,100,80,3,3,False,False,ATTACK,-20,0,207,0,27,0.0,146,1.687,False
36,4,alphabeta,balanced,default,4,82,62,3,3,False,False,ATTACK,-20,0,234,0,31,0.0,167,1.92,False
36,6,alphabeta,balanced,default,4,67,43,3,3,False,False,POTION,-27,0,225,0,26,0.0,161,1.798,False
36,8,alphabeta,balanced,default,4,67,52,3,2,False,False,ATTACK,-25,0,237,0,31,0.0,170,1.843,False
36,10,alphabeta,balanced,default,4,47,32,3,2,False,False,ATTACK,-22,0,238,0,30,0.0,171,1.865,False
36,12,alphabeta,balanced,default,4,29,32,3,2,True,False,POTION,-7,0,257,0,31,0.0,187,3.063,False
36,14,alphabeta,balanced,default,4,29,57,3,1,True,False,POTION,8,0,229,0,30,0.0,165,1.989,False
36,16,alphabeta,balanced,default,4,29,82,3,0,True,False,ATTACK,17,0,132,0,14,0.0,93,1.239,False
36,18,alphabeta,balanced,default,4,19,82,3,0,True,False,ATTACK,27,0,106,0,13,0.0,73,0.839,False
36,20,alphabeta,balanced,default,4,34,82,2,0,False,False,ATTACK,31,0,114,0,14,0.0,79,0.856,False
36,22,alphabeta,balanced,default,4,17,82,2,0,True,False,ATTACK,39,0,86,0,13,0.0,57,0.672,False
36,24,alphabeta,balanced,default,4,33,82,1,0,False,False,ATTACK,42,0,102,0,13,0.0,68,0.78,False
36,26,alphabeta,balanced,default,4,18,82,1,0,True,False,ATTACK,48,0,78,0,13,0.0,49,0.605,False
36,28,alphabeta,balanced,default,4,35,82,0,0,False,False,SPECIAL,1052,0,63,0,9,0.0,38,0.49,False
36,30,alphabeta,balanced,default,4,5,52,0,0,False,False,ATTACK,1052,0,8,0,2,0.0,4,0.071,True
37,2,alphabeta,balanced,default,4,100,85,3,3,False,False,ATTACK,-15,0,204,0,27,0.0,143,1.637,False
37,4,alphabeta,balanced,default,4,81,70,3,3,False,False,ATTACK,-11,0,234,0,31,0.0,167,1.707,False
37,6,alphabeta,balanced,default,4,62,54,3,3,False,False,ATTACK,-8,0,237,0,31,0.0,170,1.764,False
37,8,alphabeta,balanced,default,4,43,37,3,3,False,False,ATTACK,-3,0,234,0,30,0.0,168,1.709,False
37,10,alphabeta,balanced,default,4,28,37,3,3,True,False,POTION,9,0,248,0,31,0.0,180,1.8,False
37,12,alphabeta,balanced,default,4,28,62,3,2,True,False,POTION,24,0,240,0,34,0.0,172,1.718,False
37,14,alphabeta,balanced,default,4,28,87,3,1,True,False,ATTACK,33,0,211,0,30,0.0,147,1.509,False
37,16,alphabeta,balanced,default,4,18,87,3,1,True,False,ATTACK,43,0,140,0,25,0.0,92,1.022,False
37,18,alphabeta,balanced,default,4,35,87,2,1,False,False,ATTACK,45,0,188,0,28,0.0,129,1.343,False
37,20,alphabeta,balanced,default,4,18,87,2,1,True,False,ATTACK,53,0,140,0,25,0.0,92,1.013,False
37,22,alphabeta,balanced,default,4,34,87,1,1,False,False,ATTACK,56,0,177,0,28,0.0,118,1.644,False
37,24,alphabeta,balanced,default,4,18,87,1,1,True,False,ATTACK,63,0,129,0,25,0.0,81,1.434,False
37,26,alphabeta,balanced,default,4,33,87,0,1,False,False,ATTACK,1067,0,111,0,20,0.0,67,1.084,False
37,28,alphabeta,balanced,default,4,14,57,0,1,False,False,ATTACK,1067,0,33,0,7,0.0,19,0.319,True
38,2,alphabeta,balanced,default,4,100,83,3,3,False,False,ATTACK,-17,0,207,0,27,0.0,146,1.515,False
38,4,alphabeta,balanced,default,4,80,63,3,3,False,False,ATTACK,-17,0,234,0,31,0.0,167,1.688,False
38,6,alphabeta,balanced,default,4,61,46,3,3,False,False,POTION,-18,0,225,0,26,0.0,161,1.628,False
38,8,alphabeta,balanced,default,4,61,51,3,2,False,False,ATTACK,-20,0,237,0,31,0.0,170,1.722,False
38,10,alphabeta,balanced,default,4,45,32,3,2,False,False,ATTACK,-20,0,238,0,30,0.0,171,1.737,False
38,12,alphabeta,balanced,default,4,29,32,3,2,True,False,POTION,-7,0,257,0,31,0.0,187,2.778,False
38,14,alphabeta,balanced,default,4,29,57,3,1,True,False,POTION,8,0,229,0,30,0.0,165,3.009,False
38,16,alphabeta,balanced,default,4,29,82,3,0,True,False,ATTACK,17,0,132,0,14,0.0,93,0.998,False
38,18,alphabeta,balanced,default,4,19,82,3,0,True,False,ATTACK,27,0,106,0,13,0.0,73,0.794,False
38,20,alphabeta,balanced,default,4,34,82,2,0,False,False,ATTACK,31,0,114,0,14,0.0,79,0.852,False
38,22,alphabeta,balanced,default,4,40,82,1,0,False,False,ATTACK,35,0,128,0,14,0.0,88,0.961,False
38,24,alphabeta,balanced,default,4,21,82,1,0,True,False,ATTACK,45,0,98,0,13,0.0,65,0.74,False
38,26,alphabeta,balanced,default,4,38,82,0,0,False,False,SPECIAL,1052,0,73,0,10,0.0,45,0.564,False
38,28,alphabeta,balanced,default,4,8,52,0,0,False,False,ATTACK,1052,0,8,0,2,0.0,4,0.069,True
39,2,alphabeta,balanced,default,4,100,84,3,3,False,False,ATTACK,-16,0,204,0,27,0.0,143,1.51,False
39,4,alphabeta,balanced,default,4,81,68,3,3,False,False,ATTACK,-13,0,234,0,31,0.0,167,1.719,False
39,6,alphabeta,balanced,default,4,64,53,3,3,False,False,ATTACK,-11,0,237,0,31,0.0,170,1.948,False
39,8,alphabeta,balanced,default,4,48,36,3,3,False,False,ATTACK,-9,0,234,0,30,0.0,168,1.718,False
39,10,alphabeta,balanced,default,4,33,21,3,3,False,False,POTION,-30,0,182,0,22,0.0,128,1.391,False
39,12,alphabeta,balanced,default,4,33,28,3,2,False,False,POTION,-18,0,203,0,25,0.0,145,1.53,False
39,14,alphabeta,balanced,default,4,33,35,3,1,False,False,ATTACK,-15,0,184,0,26,0.0,129,1.39,False
39,16,alphabeta,balanced,default,4,16,35,3,1,True,False,POTION,-1,0,152,0,25,0.0,104,1.163,False
39,18,alphabeta,balanced,default,4,16,60,3,0,True,False,ATTACK,8,0,86,0,13,0.0,57,0.67,False
39,20,alphabeta,balanced,default,4,31,60,2,0,False,False,ATTACK,12,0,110,0,13,0.0,76,0.849,False
39,22,alphabeta,balanced,default,4,40,60,1,0,False,False,ATTACK,13,0,128,0,14,0.0,88,0.943,False
39,24,alphabeta,balanced,default,4,21,60,1,0,True,False,ATTACK,23,0,98,0,13,0.0,65,0.721,False
39,26,alphabeta,balanced,default,4,38,60,0,0,False,False,SPECIAL,1030,0,73,0,10,0.0,45,0.578,False
39,28,alphabeta,balanced,default,4,8,30,0,0,False,False,ATTACK,1030,0,8,0,2,0.0,4,0.067,True
40,2,alphabeta,balanced,default,4,100,80,3,3,False,False,ATTACK,-20,0,207,0,27,0.0,146,1.54,False
40,4,alphabeta,balanced,default,4,85,61,3,3,False,False,ATTACK,-24,0,222,0,29,0.0,158,1.616,False
40,6,alphabeta,balanced,default,4,68,43,3,3,False,False,POTION,-28,0,225,0,26,0.0,161,1.651,False
40,8,alphabeta,balanced,default,4,68,49,3,2,False,False,ATTACK,-29,0,237,0,31,0.0,170,1.733,False
40,10,alphabeta,balanced,default,4,50,29,3,2,False,False,POTION,-34,0,212,0,22,0.0,153,1.556,False
40,12,alphabeta,balanced,default,4,50,35,3,1,False,False,POTION,-38,0,191,0,24,0.0,133,1.433,False
40,14,alphabeta,balanced,default,4,50,40,3,0,False,False,SPECIAL,-49,0,127,0,11,0.0,88,0.935,False
40,16,alphabeta,balanced,default,4,20,10,3,0,False,False,ATTACK,-1032,0,35,0,5,0.0,21,0.266,True
41,2,alphabeta,balanced,default,4,100,84,3,3,False,False,ATTACK,-16,0,204,0,27,0.0,143,2.191,False
41,4,alphabeta,balanced,default,4,83,64,3,3,False,False,ATTACK,-19,0,234,0,31,0.0,167,1.819,False
41,6,alphabeta,balanced,default,4,64,48,3,3,False,False,POTION,-19,0,225,0,26,0.0,161,1.79,False
41,8,alphabeta,balanced,default,4,64,55,3,2,False,False,ATTACK,-19,0,237,0,31,0.0,170,1.819,False
41,10,alphabeta,balanced,default,4,48,38,3,2,False,False,ATTACK,-17,0,234,0,30,0.0,168,1.791,False
41,12,alphabeta,balanced,default,4,32,23,3,2,False,False,POTION,-37,0,182,0,22,0.0,128,1.391,False
41,14,alphabeta,balanced,default,4,32,32,3,1,False,False,ATTACK,-17,0,188,0,26,0.0,132,1.412,False
41,16,alphabeta,balanced,default,4,39,32,2,1,False,False,ATTACK,-14,0,212,0,27,0.0,151,1.572,False
41,18,alphabeta,balanced,default,4,24,32,2,1,True,False,POTION,-2,0,202,0,26,0.0,144,1.469,False
41,20,alphabeta,balanced,default,4,24,57,2,0,True,False,ATTACK,7,0,106,0,13,0.0,73,0.788,False
41,22,alphabeta,balanced,default,4,40,57,1,0,False,False,ATTACK,10,0,128,0,14,0.0,88,0.935,False
41,24,alphabeta,balanced,default,4,24,57,1,0,True,False,ATTACK,17,0,98,0,13,0.0,65,0.716,False
41,26,alphabeta,balanced,default,4,39,57,0,0,False,False,SPECIAL,1027,0,73,0,10,0.0,45,0.539,False
41,28,alphabeta,balanced,default,4,9,27,0,0,False,False,ATTACK,1027,0,8,0,2,0.0,4,0.067,True
42,2,alphabeta,balanced,default,4,100,82,3,3,False,False,ATTACK,-18,0,207,0,27,0.0,146,1.515,False
42,4,alphabeta,balanced,default,4,84,67,3,3,False,False,ATTACK,-17,0,222,0,29,0.0,158,1.631,False
42,6,alphabeta,balanced,default,4,65,49,3,3,False,False,ATTACK,-16,0,237,0,31,0.0,170,2.681,False
42,8,alphabeta,balanced,default,4,47,32,3,3,False,False,ATTACK,-12,0,238,0,30,0.0,171,2.704,False
42,10,alphabeta,balanced,default,4,30,32,3,3,True,False,POTION,2,0,257,0,31,0.0,187,1.955,False
42,12,alphabeta,balanced,default,4,30,57,3,2,True,False,POTION,17,0,246,0,34,0.0,178,1.798,False
42,14,alphabeta,balanced,default,4,30,82,3,1,True,False,ATTACK,26,0,229,0,30,0.0,165,1.697,False
42,16,alphabeta,balanced,default,4,22,82,3,1,True,False,ATTACK,34,0,193,0,27,0.0,137,1.427,False
42,18,alphabeta,balanced,default,4,37,82,2,1,False,False,ATTACK,38,0,221,0,30,0.0,158,1.636,False
42,20,alphabeta,balanced,default,4,19,82,2,1,True,False,ATTACK,47,0,193,0,27,0.0,137,1.434,False
42,22,alphabeta,balanced,default,4,36,82,1,1,False,False,ATTACK,49,0,189,0,28,0.0,130,1.418,False
42,24,alphabeta,balanced,default,4,18,82,1,1,True,False,ATTACK,58,0,138,0,25,0.0,90,1.05,False
42,26,alphabeta,balanced,default,4,35,82,0,1,False,False,SPECIAL,1062,0,113,0,19,0.0,70,0.858,False
42,28,alphabeta,balanced,default,4,5,52,0,1,False,False,ATTACK,1062,0,17,0,5,0.0,8,0.15,True
43,2,alphabeta,balanced,default,4,100,81,3,3,False,False,ATTACK,-19,0,207,0,27,0.0,146,1.593,False
43,4,alphabeta,balanced,default,4,82,66,3,3,False,False,ATTACK,-16,0,234,0,31,0.0,167,1.795,False
43,6,alphabeta,balanced,default,4,67,49,3,3,False,False,ATTACK,-18,0,237,0,31,0.0,170,1.818,False
43,8,alphabeta,balanced,default,4,49,34,3,3,False,False,POTION,-18,0,203,0,27,0.0,142,1.565,False
43,10,alphabeta,balanced,default,4,49,43,3,2,False,False,POTION,-19,0,225,0,26,0.0,161,2.7,False
43,12,alphabeta,balanced,default,4,49,48,3,1,False,False,POTION,-24,0,213,0,23,0.0,152,2.106,False
43,14,alphabeta,balanced,default,4,49,56,3,0,False,False,ATTACK,-23,0,138,0,15,0.0,97,1.059,False
43,16,alphabeta,balanced,default,4,32,41,3,0,False,False,ATTACK,-18,0,110,0,13,0.0,76,0.856,False
43,18,alphabeta,balanced,default,4,16,41,3,0,True,False,ATTACK,-11,0,86,0,13,0.0,57,0.673,False
43,20,alphabeta,balanced,default,4,33,41,2,0,False,False,ATTACK,-9,0,110,0,13,0.0,76,0.859,False
43,22,alphabeta,balanced,default,4,17,41,2,0,True,False,ATTACK,-2,0,86,0,13,0.0,57,0.67,False
43,24,alphabeta,balanced,default,4,33,41,1,0,False,False,ATTACK,1,0,102,0,13,0.0,68,0.8,False
43,26,alphabeta,balanced,default,4,16,41,1,0,True,False,ATTACK,9,0,78,0,13,0.0,49,0.62,False
43,28,alphabeta,balanced,default,4,31,41,0,0,False,False,ATTACK,1011,0,63,0,9,0.0,38,0.499,False
43,30,alphabeta,balanced,default,4,13,11,0,0,False,False,ATTACK,1011,0,16,0,2,0.0,10,0.134,True
44,2,alphabeta,balanced,default,4,100,84,3,3,False,False,ATTACK,-16,0,204,0,27,0.0,143,1.6,False
44,4,alphabeta,balanced,default,4,82,67,3,3,False,False,ATTACK,-15,0,234,0,31,0.0,167,1.814,False
44,6,alphabeta,balanced,default,4,66,47,3,3,False,False,POTION,-22,0,225,0,26,0.0,161,1.738,False
44,8,alphabeta,balanced,default,4,66,54,3,2,False,False,ATTACK,-22,0,237,0,31,0.0,170,2.115,False
44,10,alphabeta,balanced,default,4,49,37,3,2,False,False,POTION,-25,0,206,0,27,0.0,145,1.608,False
44,12,alphabeta,balanced,default,4,49,44,3,1,False,False,POTION,-28,0,213,0,23,0.0,152,1.663,False
44,14,alphabeta,balanced,default,4,49,51,3,0,False,False,ATTACK,-28,0,138,0,15,0.0,97,1.112,False
44,16,alphabeta,balanced,default,4,31,33,3,0,False,False,ATTACK,-25,0,104,0,13,0.0,71,0.81,False
44,18,alphabeta,balanced,default,4,38,33,2,0,False,False,ATTACK,-22,0,121,0,15,0.0,84,0.954,False
44,20,alphabeta,balanced,default,4,19,33,2,0,True,False,ATTACK,-12,0,111,0,12,0.0,77,0.869,False
44,22,alphabeta,balanced,default,4,34,33,1,0,False,False,ATTACK,-8,0,100,0,14,0.0,66,0.794,False
44,24,alphabeta,balanced,default,4,19,33,1,0,True,False,ATTACK,-2,0,103,0,12,0.0,69,0.811,False
44,26,alphabeta,balanced,default,4,34,33,0,0,False,False,SPECIAL,1003,0,58,0,9,0.0,34,0.466,False
44,28,alphabeta,balanced,default,4,4,3,0,0,False,False,ATTACK,1003,0,5,0,1,0.0,3,0.046,True
45,2,alphabeta,balanced,default,4,100,82,3,3,False,False,ATTACK,-18,0,207,0,27,0.0,146,1.727,False
45,4,alphabeta,balanced,default,4,82,67,3,3,False,False,ATTACK,-15,0,234,0,31,0.0,167,1.821,False
45,6,alphabeta,balanced,default,4,66,52,3,3,False,False,ATTACK,-14,0,237,0,31,0.0,170,1.863,False
45,8,alphabeta,balanced,default,4,51,34,3,3,False,False,POTION,-20,0,203,0,27,0.0,142,2.292,False
45,10,alphabeta,balanced,default,4,51,40,3,2,False,False,POTION,-24,0,225,0,26,0.0,161,2.287,False
45,12,alphabeta,balanced,default,4,51,45,3,1,False,False,POTION,-29,0,213,0,23,0.0,152,1.677,False
45,14,alphabeta,balanced,default,4,51,51,3,0,False,False,ATTACK,-30,0,138,0,15,0.0,97,1.086,False
45,16,alphabeta,balanced,default,4,31,36,3,0,False,False,ATTACK,-22,0,100,0,13,0.0,68,0.805,False
45,18,alphabeta,balanced,default,4,39,36,2,0,False,False,ATTACK,-20,0,117,0,14,0.0,81,0.941,False
45,20,alphabeta,balanced,default,4,21,36,2,0,True,False,ATTACK,-11,0,106,0,12,0.0,73,0.851,False
45,22,alphabeta,balanced,default,4,36,36,1,0,False,False,ATTACK,-7,0,96,0,14,0.0,63,0.775,False
45,24,alphabeta,balanced,default,4,18,36,1,0,True,False,ATTACK,2,0,78,0,13,0.0,49,0.635,False
45,26,alphabeta,balanced,default,4,35,36,0,0,False,False,SPECIAL,1006,0,55,0,9,0.0,32,0.453,False
45,28,alphabeta,balanced,default,4,5,6,0,0,False,False,ATTACK,1006,0,5,0,1,0.0,3,0.046,True
46,2,alphabeta,balanced,default,4,100,83,3,3,False,False,ATTACK,-17,0,207,0,27,0.0,146,1.744,False
46,4,alphabeta,balanced,default,4,84,65,3,3,False,False,ATTACK,-19,0,222,0,29,0.0,158,1.77,False
46,6,alphabeta,balanced,default,4,64,46,3,3,False,False,POTION,-21,0,225,0,26,0.0,161,1.767,False
46,8,alphabeta,balanced,default,4,64,53,3,2,False,False,ATTACK,-21,0,237,0,31,0.0,170,1.86,False
46,10,alphabeta,balanced,default,4,45,33,3,2,False,False,ATTACK,-19,0,238,0,30,0.0,171,1.882,False
46,12,alphabeta,balanced,default,4,30,33,3,2,True,False,POTION,-7,0,257,0,31,0.0,187,2.036,False
46,14,alphabeta,balanced,default,4,30,58,3,1,True,False,POTION,8,0,229,0,30,0.0,165,1.804,False
46,16,alphabeta,balanced,default,4,30,83,3,0,True,False,ATTACK,17,0,132,0,14,0.0,93,1.588,False
46,18,alphabeta,balanced,default,4,22,83,3,0,True,False,ATTACK,25,0,106,0,13,0.0,73,0.904,False
46,20,alphabeta,balanced,default,4,38,83,2,0,False,False,ATTACK,28,0,127,0,15,0.0,89,1.535,False
46,22,alphabeta,balanced,default,4,21,83,2,0,True,False,ATTACK,36,0,106,0,13,0.0,73,0.908,False
46,24,alphabeta,balanced,default,4,36,83,1,0,False,False,ATTACK,40,0,106,0,14,0.0,71,1.029,False
46,26,alphabeta,balanced,default,4,21,83,1,0,True,False,ATTACK,46,0,98,0,13,0.0,65,0.84,False
46,28,alphabeta,balanced,default,4,37,83,0,0,False,False,SPECIAL,1053,0,73,0,10,0.0,45,0.618,False
46,30,alphabeta,balanced,default,4,7,53,0,0,False,False,ATTACK,1053,0,8,0,2,0.0,4,0.078,True
47,2,alphabeta,balanced,default,4,100,83,3,3,False,False,ATTACK,-17,0,207,0,27,0.0,146,1.754,False
47,4,alphabeta,balanced,default,4,83,68,3,3,False,False,ATTACK,-15,0,234,0,31,0.0,167,2.017,False
47,6,alphabeta,balanced,default,4,66,52,3,3,False,False,ATTACK,-14,0,237,0,31,0.0,170,2.001,False
47,8,alphabeta,balanced,default,4,50,34,3,3,False,False,POTION,-19,0,203,0,27,0.0,142,1.723,False
47,10,alphabeta,balanced,default,4,50,41,3,2,False,False,POTION,-22,0,225,0,26,0.0,161,1.907,False
47,12,alphabeta,balanced,default,4,50,47,3,1,False,False,POTION,-26,0,213,0,23,0.0,152,1.809,False
47,14,alphabeta,balanced,default,4,50,55,3,0,False,False,ATTACK,-25,0,138,0,15,0.0,97,1.19,False
47,16,alphabeta,balanced,default,4,34,37,3,0,False,False,ATTACK,-24,0,104,0,14,0.0,71,0.884,False
47,18,alphabeta,balanced,default,4,19,37,3,0,True,False,ATTACK,-18,0,106,0,12,0.0,73,0.9,False
47,20,alphabeta,balanced,default,4,36,37,2,0,False,False,ATTACK,-16,0,104,0,14,0.0,71,0.889,False
47,22,alphabeta,balanced,default,4,21,37,2,0,True,False,ATTACK,-10,0,106,0,12,0.0,73,0.901,False
47,24,alphabeta,balanced,default,4,38,37,1,0,False,False,ATTACK,-8,0,109,0,14,0.0,73,0.928,False
47,26,alphabeta,balanced,default,4,22,37,1,0,True,False,ATTACK,-1,0,98,0,12,0.0,65,0.839,False
47,28,alphabeta,balanced,default,4,37,37,0,0,False,False,SPECIAL,1007,0,65,0,9,0.0,39,0.573,False
47,30,alphabeta,balanced,default,4,7,7,0,0,False,False,ATTACK,1007,0,5,0,1,0.0,3,0.05,True
48,2,alphabeta,balanced,default,4,100,82,3,3,False,False,ATTACK,-18,0,207,0,27,0.0,146,1.731,False
48,4,alphabeta,balanced,default,4,83,64,3,3,False,False,ATTACK,-19,0,234,0,31,0.0,167,1.974,False
48,6,alphabeta,balanced,default,4,64,44,3,3,False,False,POTION,-23,0,225,0,26,0.0,161,2.221,False
48,8,alphabeta,balanced,default,4,64,50,3,2,False,False,ATTACK,-24,0,237,0,31,0.0,170,1.935,False
48,10,alphabeta,balanced,default,4,49,33,3,2,False,False,POTION,-29,0,207,0,27,0.0,145,1.805,False
48,12,alphabeta,balanced,default,4,49,41,3,1,False,False,POTION,-31,0,213,0,23,0.0,152,1.765,False
48,14,alphabeta,balanced,default,4,49,49,3,0,False,False,ATTACK,-30,0,138,0,15,0.0,97,1.138,False
48,16,alphabeta,balanced,default,4,34,32,3,0,False,False,ATTACK,-29,0,108,0,14,0.0,74,0.899,False
48,18,alphabeta,balanced,default,4,39,32,2,0,False,False,ATTACK,-24,0,121,0,15,0.0,84,1.004,False
48,20,alphabeta,balanced,default,4,21,32,2,0,True,False,ATTACK,-15,0,111,0,12,0.0,77,0.933,False
48,22,alphabeta,balanced,default,4,37,32,1,0,False,False,ATTACK,-12,0,113,0,15,0.0,76,0.941,False
48,24,alphabeta,balanced,default,4,20,32,1,0,True,False,ATTACK,-4,0,103,0,12,0.0,69,0.869,False
48,26,alphabeta,balanced,default,4,36,32,0,0,False,False,SPECIAL,1002,0,58,0,9,0.0,34,0.49,False
48,28,alphabeta,balanced,default,4,6,2,0,0,False,False,ATTACK,1002,0,5,0,1,0.0,3,0.048,True
49,2,alphabeta,balanced,default,4,100,84,3,3,False,False,ATTACK,-16,0,204,0,27,0.0,143,1.68,False
49,4,alphabeta,balanced,default,4,83,66,3,3,False,False,ATTACK,-17,0,234,0,31,0.0,167,2.002,False
49,6,alphabeta,balanced,default,4,66,46,3,3,False,False,POTION,-23,0,225,0,26,0.0,161,1.761,False
49,8,alphabeta,balanced,default,4,66,54,3,2,False,False,ATTACK,-22,0,237,0,31,0.0,170,1.777,False
49,10,alphabeta,balanced,default,4,47,38,3,2,False,False,ATTACK,-16,0,234,0,30,0.0,168,1.794,False
49,12,alphabeta,balanced,default,4,27,38,3,2,True,False,POTION,1,0,228,0,31,0.0,164,1.753,False
49,14,alphabeta,balanced,default,4,27,63,3,1,True,False,POTION,16,0,211,0,28,0.0,151,1.565,False
49,16,alphabeta,balanced,default,4,27,88,3,0,True,False,ATTACK,25,0,119,0,13,0.0,83,0.883,False
49,18,alphabeta,balanced,default,4,18,88,3,0,True,False,ATTACK,34,0,86,0,13,0.0,57,0.653,False
49,20,alphabeta,balanced,default,4,33,88,2,0,False,False,ATTACK,38,0,110,0,13,0.0,76,0.829,False
49,22,alphabeta,balanced,default,4,18,88,2,0,True,False,ATTACK,44,0,86,0,13,0.0,57,0.806,False
49,24,alphabeta,balanced,default,4,34,88,1,0,False,False,ATTACK,47,0,106,0,14,0.0,71,1.152,False
49,26,alphabeta,balanced,default,4,16,88,1,0,True,False,ATTACK,56,0,78,0,13,0.0,49,0.709,False
49,28,alphabeta,balanced,default,4,32,88,0,0,False,False,ATTACK,1058,0,63,0,9,0.0,38,0.53,False
49,30,alphabeta,balanced,default,4,14,58,0,0,False,False,ATTACK,1058,0,15,0,3,0.0,9,0.131,True
50,2,alphabeta,balanced,default,4,100,80,3,3,False,False,ATTACK,-20,0,207,0,27,0.0,146,1.743,False
50,4,alphabeta,balanced,default,4,82,62,3,3,False,False,ATTACK,-20,0,234,0,31,0.0,167,1.755,False
50,6,alphabeta,balanced,default,4,64,45,3,3,False,False,POTION,-22,0,225,0,26,0.0,161,1.677,False
50,8,alphabeta,balanced,default,4,64,51,3,2,False,False,ATTACK,-23,0,237,0,31,0.0,170,1.757,False
50,10,alphabeta,balanced,default,4,47,33,3,2,False,False,ATTACK,-21,0,238,0,30,0.0,171,1.909,False
50,12,alphabeta,balanced,default,4,32,16,3,2,False,False,POTION,-44,0,129,0,16,0.0,88,0.973,False
50,14,alphabeta,balanced,default,4,32,21,3,1,False,False,POTION,-55,0,175,0,21,0.0,122,1.318,False
50,16,alphabeta,balanced,default,4,32,16,3,0,False,False,DEFEND,-1032,0,51,0,7,0.0,31,0.401,False
50,18,alphabeta,balanced,default,4,32,6,3,0,False,False,SPECIAL,-1032,0,38,0,6,0.0,24,0.296,True
51,2,alphabeta,balanced,default,4,100,81,3,3,False,False,ATTACK,-19,0,207,0,27,0.0,146,1.536,False
51,4,alphabeta,balanced,default,4,81,62,3,3,False,False,ATTACK,-19,0,234,0,31,0.0,167,1.759,False
51,6,alphabeta,balanced,default,4,66,46,3,3,False,False,POTION,-23,0,225,0,26,0.0,161,1.654,False
51,8,alphabeta,balanced,default,4,66,55,3,2,False,False,ATTACK,-21,0,237,0,31,0.0,170,1.808,False
51,10,alphabeta,balanced,default,4,49,37,3,2,False,False,POTION,-25,0,206,0,27,0.0,145,2.453,False
51,12,alphabeta,balanced,default,4,49,43,3,1,False,False,POTION,-29,0,213,0,23,0.0,152,1.58,False
51,14,alphabeta,balanced,default,4,49,52,3,0,False,False,ATTACK,-27,0,138,0,15,0.0,97,1.041,False
51,16,alphabeta,balanced,default,4,30,52,3,0,True,False,ATTACK,-14,0,132,0,14,0.0,93,1.063,False
51,18,alphabeta,balanced,default,4,22,52,3,0,True,False,ATTACK,-6,0,106,0,13,0.0,73,0.809,False
51,20,alphabeta,balanced,default,4,39,52,2,0,False,False,ATTACK,-4,0,127,0,15,0.0,89,0.96,False
51,22,alphabeta,balanced,default,4,21,52,2,0,True,False,ATTACK,5,0,106,0,13,0.0,73,0.8,False
51,24,alphabeta,balanced,default,4,38,52,1,0,False,False,ATTACK,7,0,119,0,15,0.0,81,0.885,False
51,26,alphabeta,balanced,default,4,18,52,1,0,True,False,ATTACK,18,0,78,0,13,0.0,49,0.594,False
51,28,alphabeta,balanced,default,4,35,52,0,0,False,False,SPECIAL,1022,0,63,0,9,0.0,38,0.485,False
51,30,alphabeta,balanced,default,4,5,22,0,0,False,False,ATTACK,1022,0,8,0,2,0.0,4,0.068,True
52,2,alphabeta,balanced,default,4,100,81,3,3,False,False,ATTACK,-19,0,207,0,27,0.0,146,1.512,False
52,4,alphabeta,balanced,default,4,84,61,3,3,False,False,ATTACK,-23,0,222,0,29,0.0,158,1.837,False
52,6,alphabeta,balanced,default,4,65,42,3,3,False,False,POTION,-26,0,225,0,26,0.0,161,1.635,False
52,8,alphabeta,balanced,default,4,65,49,3,2,False,False,ATTACK,-26,0,237,0,31,0.0,170,1.717,False
52,10,alphabeta,balanced,default,4,45,29,3,2,False,False,POTION,-29,0,231,0,24,0.0,168,1.664,False
52,12,alphabeta,balanced,default,4,45,37,3,1,False,False,ATTACK,-25,0,222,0,27,0.0,159,1.603,False
52,14,alphabeta,balanced,default,4,27,37,3,1,True,False,POTION,-10,0,211,0,27,0.0,151,1.534,False
52,16,alphabeta,balanced,default,4,27,62,3,0,True,False,ATTACK,-1,0,119,0,13,0.0,83,0.868,False
52,18,alphabeta,balanced,default,4,17,62,3,0,True,False,ATTACK,9,0,86,0,13,0.0,57,0.633,False
52,20,alphabeta,balanced,default,4,32,62,2,0,False,False,ATTACK,13,0,110,0,13,0.0,76,0.802,False
52,22,alphabeta,balanced,default,4,38,62,1,0,False,False,ATTACK,17,0,119,0,15,0.0,81,1.39,False
52,24,alphabeta,balanced,default,4,21,62,1,0,True,False,ATTACK,25,0,98,0,13,0.0,65,1.138,False
52,26,alphabeta,balanced,default,4,37,62,0,0,False,False,SPECIAL,1032,0,73,0,10,0.0,45,1.017,False
52,28,alphabeta,balanced,default,4,7,32,0,0,False,False,ATTACK,1032,0,8,0,2,0.0,4,0.131,True
53,2,alphabeta,balanced,default,4,100,80,3,3,False,False,ATTACK,-20,0,207,0,27,0.0,146,2.036,False
53,4,alphabeta,balanced,default,4,81,60,3,3,False,False,ATTACK,-21,0,234,0,31,0.0,167,1.749,False
53,6,alphabeta,balanced,default,4,65,40,3,3,False,False,POTION,-28,0,225,0,26,0.0,161,1.665,False
53,8,alphabeta,balanced,default,4,65,46,3,2,False,False,POTION,-32,0,225,0,26,0.0,161,1.646,False
53,10,alphabeta,balanced,default,4,65,51,3,1,False,False,ATTACK,-34,0,225,0,28,0.0,161,1.672,False
53,12,alphabeta,balanced,default,4,46,34,3,1,False,False,ATTACK,-29,0,222,0,27,0.0,159,1.618,False
53,14,alphabeta,balanced,default,4,31,15,3,1,False,False,POTION,-60,0,117,0,14,0.0,80,0.866,False
53,16,alphabeta,balanced,default,4,31,10,3,0,False,False,DEFEND,-1031,0,51,0,7,0.0,31,0.393,False
53,18,alphabeta,balanced,default,4,31,1,3,0,False,False,SPECIAL,-1031,0,38,0,6,0.0,24,0.291,True
54,2,alphabeta,balanced,default,4,100,80,3,3,False,False,ATTACK,-20,0,207,0,27,0.0,146,1.512,False
54,4,alphabeta,balanced,default,4,83,60,3,3,False,False,ATTACK,-23,0,234,0,31,0.0,167,1.707,False
54,6,alphabeta,balanced,default,4,64,45,3,3,False,False,POTION,-22,0,225,0,26,0.0,161,1.642,False
54,8,alphabeta,balanced,default,4,64,51,3,2,False,False,ATTACK,-23,0,237,0,31,0.0,170,2.167,False
54,10,alphabeta,balanced,default,4,45,36,3,2,False,False,ATTACK,-16,0,234,0,30,0.0,168,2.685,False
54,12,alphabeta,balanced,default,4,28,36,3,2,True,False,POTION,-2,0,248,0,31,0.0,180,2.255,False
54,14,alphabeta,balanced,default,4,28,61,3,1,True,False,POTION,13,0,229,0,30,0.0,165,1.671,False
54,16,alphabeta,balanced,default,4,28,86,3,0,True,False,ATTACK,22,0,132,0,14,0.0,93,0.979,False
54,18,alphabeta,balanced,default,4,20,86,3,0,True,False,ATTACK,30,0,106,0,13,0.0,73,0.795,False
54,20,alphabeta,balanced,default,4,37,86,2,0,False,False,ATTACK,32,0,127,0,15,0.0,89,0.926,False
54,22,alphabeta,balanced,default,4,17,86,2,0,True,False,ATTACK,43,0,86,0,13,0.0,57,0.626,False
54,24,alphabeta,balanced,default,4,33,86,1,0,False,False,ATTACK,46,0,102,0,13,0.0,68,0.736,False
54,26,alphabeta,balanced,default,4,38,86,0,0,False,False,SPECIAL,1056,0,73,0,10,0.0,45,0.533,False
54,28,alphabeta,balanced,default,4,8,56,0,0,False,False,ATTACK,1056,0,8,0,2,0.0,4,0.067,True
55,2,alphabeta,balanced,default,4,100,84,3,3,False,False,ATTACK,-16,0,204,0,27,0.0,143,1.747,False
55,4,alphabeta,balanced,default,4,81,69,3,3,False,False,ATTACK,-12,0,234,0,31,0.0,167,2.639,False
55,6,alphabeta,balanced,default,4,63,49,3,3,False,False,ATTACK,-14,0,237,0,31,0.0,170,1.803,False
55,8,alphabeta,balanced,default,4,46,31,3,3,False,False,ATTACK,-12,0,238,0,30,0.0,171,1.821,False
55,10,alphabeta,balanced,default,4,31,11,3,3,False,False,POTION,-38,0,120,0,16,0.0,83,1.684,False
55,12,alphabeta,balanced,default,4,31,16,3,2,False,False,POTION,-43,0,129,0,16,0.0,88,19.611,False
55,14,alphabeta,balanced,default,4,31,26,3,1,False,False,POTION,-28,0,188,0,22,0.0,133,2.713,False
55,16,alphabeta,balanced,default,4,31,31,3,0,False,False,ATTACK,-27,0,104,0,13,0.0,71,1.546,False
55,18,alphabeta,balanced,default,4,39,31,2,0,False,False,ATTACK,-25,0,121,0,15,0.0,84,1.778,False
55,20,alphabeta,balanced,default,4,24,31,2,0,True,False,ATTACK,-19,0,111,0,12,0.0,77,1.612,False
55,22,alphabeta,balanced,default,4,40,31,1,0,False,False,ATTACK,-16,0,122,0,14,0.0,83,3.139,False
55,24,alphabeta,balanced,default,4,23,31,1,0,True,False,ATTACK,-8,0,103,0,12,0.0,69,0.995,False
55,26,alphabeta,balanced,default,4,38,31,0,0,False,False,SPECIAL,1001,0,68,0,10,0.0,41,0.562,False
55,28,alphabeta,balanced,default,4,8,1,0,0,False,False,ATTACK,1001,0,5,0,1,0.0,3,0.082,True
56,2,alphabeta,balanced,default,4,100,81,3,3,False,False,ATTACK,-19,0,207,0,27,0.0,146,2.392,False
56,4,alphabeta,balanced,default,4,81,62,3,3,False,False,ATTACK,-19,0,234,0,31,0.0,167,3.745,False
56,6,alphabeta,balanced,default,4,61,44,3,3,False,False,POTION,-20,0,225,0,26,0.0,161,9.962,False
56,8,alphabeta,balanced,default,4,61,53,3,2,False,False,ATTACK,-18,0,237,0,31,0.0,170,1.975,False
56,10,alphabeta,balanced,default,4,43,36,3,2,False,False,ATTACK,-14,0,234,0,30,0.0,168,1.929,False
56,12,alphabeta,balanced,default,4,27,36,3,2,True,False,POTION,-1,0,228,0,31,0.0,164,1.857,False
56,14,alphabeta,balanced,default,4,27,61,3,1,True,False,POTION,14,0,211,0,28,0.0,151,1.672,False
56,16,alphabeta,balanced,default,4,27,86,3,0,True,False,ATTACK,23,0,119,0,13,0.0,83,1.064,False
56,18,alphabeta,balanced,default,4,18,86,3,0,True,False,ATTACK,32,0,86,0,13,0.0,57,0.683,False
56,20,alphabeta,balanced,default,4,33,86,2,0,False,False,ATTACK,36,0,110,0,13,0.0,76,0.847,False
56,22,alphabeta,balanced,default,4,38,86,1,0,False,False,ATTACK,41,0,119,0,15,0.0,81,0.916,False
56,24,alphabeta,balanced,default,4,18,86,1,0,True,False,ATTACK,52,0,78,0,13,0.0,49,0.624,False
56,26,alphabeta,balanced,default,4,34,86,0,0,False,False,SPECIAL,1056,0,63,0,9,0.0,38,0.752,False
56,28,alphabeta,balanced,default,4,4,56,0,0,False,False,ATTACK,1056,0,8,0,2,0.0,4,0.127,True
57,2,alphabeta,balanced,default,4,100,83,3,3,False,False,ATTACK,-17,0,207,0,27,0.0,146,2.136,False
57,4,alphabeta,balanced,default,4,84,63,3,3,False,False,ATTACK,-21,0,222,0,29,0.0,158,2.378,False
57,6,alphabeta,balanced,default,4,64,46,3,3,False,False,POTION,-21,0,225,0,26,0.0,161,1.883,False
57,8,alphabeta,balanced,default,4,64,54,3,2,False,False,ATTACK,-20,0,237,0,31,0.0,170,1.946,False
57,10,alphabeta,balanced,default,4,44,35,3,2,False,False,ATTACK,-16,0,234,0,30,0.0,168,1.898,False
57,12,alphabeta,balanced,default,4,24,35,3,2,True,False,POTION,1,0,210,0,30,0.0,150,1.785,False
57,14,alphabeta,balanced,default,4,24,60,3,1,True,False,POTION,16,0,193,0,27,0.0,137,1.563,False
57,16,alphabeta,balanced,default,4,24,85,3,0,True,False,ATTACK,25,0,106,0,13,0.0,73,0.857,False
57,18,alphabeta,balanced,default,4,40,85,2,0,False,False,ATTACK,28,0,136,0,14,0.0,96,1.085,False
57,20,alphabeta,balanced,default,4,23,85,2,0,True,False,ATTACK,36,0,106,0,13,0.0,73,0.873,False
57,22,alphabeta,balanced,default,4,38,85,1,0,False,False,ATTACK,40,0,119,0,15,0.0,81,0.96,False
57,24,alphabeta,balanced,default,4,20,85,1,0,True,False,ATTACK,49,0,98,0,13,0.0,65,0.79,False
57,26,alphabeta,balanced,default,4,36,85,0,0,False,False,SPECIAL,1055,0,63,0,9,0.0,38,0.523,False
57,28,alphabeta,balanced,default,4,6,55,0,0,False,False,ATTACK,1055,0,8,0,2,0.0,4,0.075,True
58,2,alphabeta,balanced,default,4,100,81,3,3,False,False,ATTACK,-19,0,207,0,27,0.0,146,2.547,False
58,4,alphabeta,balanced,default,4,83,62,3,3,False,False,ATTACK,-21,0,234,0,31,0.0,167,1.892,False
58,6,alphabeta,balanced,default,4,63,44,3,3,False,False,POTION,-22,0,225,0,26,0.0,161,1.765,False
58,8,alphabeta,balanced,default,4,63,49,3,2,False,False,ATTACK,-24,0,237,0,31,0.0,170,1.883,False
58,10,alphabeta,balanced,default,4,46,30,3,2,False,False,POTION,-29,0,231,0,24,0.0,168,1.796,False
58,12,alphabeta,balanced,default,4,46,38,3,1,False,False,ATTACK,-25,0,222,0,27,0.0,159,1.735,False
58,14,alphabeta,balanced,default,4,27,38,3,1,True,False,POTION,-9,0,211,0,27,0.0,151,1.648,False
58,16,alphabeta,balanced,default,4,27,63,3,0,True,False,ATTACK,0,0,119,0,13,0.0,83,0.926,False
58,18,alphabeta,balanced,default,4,17,63,3,0,True,False,ATTACK,10,0,86,0,13,0.0,57,0.769,False
58,20,alphabeta,balanced,default,4,33,63,2,0,False,False,ATTACK,13,0,110,0,13,0.0,76,0.862,False
58,22,alphabeta,balanced,default,4,39,63,1,0,False,False,ATTACK,17,0,119,0,15,0.0,81,0.926,False
58,24,alphabeta,balanced,default,4,22,63,1,0,True,False,ATTACK,25,0,98,0,13,0.0,65,0.769,False
58,26,alphabeta,balanced,default,4,39,63,0,0,False,False,SPECIAL,1033,0,73,0,10,0.0,45,0.575,False
58,28,alphabeta,balanced,default,4,9,33,0,0,False,False,ATTACK,1033,0,8,0,2,0.0,4,0.099,True
59,2,alphabeta,balanced,default,4,100,80,3,3,False,False,ATTACK,-20,0,207,0,27,0.0,146,1.597,False
59,4,alphabeta,balanced,default,4,82,63,3,3,False,False,ATTACK,-19,0,234,0,31,0.0,167,1.802,False
59,6,alphabeta,balanced,default,4,67,48,3,3,False,False,POTION,-22,0,225,0,26,0.0,161,1.737,False
59,8,alphabeta,balanced,default,4,67,54,3,2,False,False,ATTACK,-23,0,237,0,31,0.0,170,1.76,False
59,10,alphabeta,balanced,default,4,48,36,3,2,False,False,ATTACK,-19,0,234,0,30,0.0,168,2.588,False
59,12,alphabeta,balanced,default,4,33,17,3,2,False,False,POTION,-44,0,129,0,16,0.0,88,1.26,False
59,14,alphabeta,balanced,default,4,33,27,3,1,False,False,POTION,-29,0,188,0,22,0.0,133,1.85,False
59,16,alphabeta,balanced,default,4,33,34,3,0,False,False,ATTACK,-26,0,100,0,13,0.0,68,0.81,False
59,18,alphabeta,balanced,default,4,38,34,2,0,False,False,ATTACK,-21,0,117,0,14,0.0,81,0.934,False
59,20,alphabeta,balanced,default,4,22,34,2,0,True,False,ATTACK,-14,0,106,0,12,0.0,73,0.846,False
59,22,alphabeta,balanced,default,4,38,34,1,0,False,False,ATTACK,-11,0,109,0,14,0.0,73,0.867,False
59,24,alphabeta,balanced,default,4,21,34,1,0,True,False,ATTACK,-3,0,98,0,12,0.0,65,0.781,False
59,26,alphabeta,balanced,default,4,36,34,0,0,False,False,SPECIAL,1004,0,55,0,9,0.0,32,0.446,False
59,28,alphabeta,balanced,default,4,6,4,0,0,False,False,ATTACK,1004,0,5,0,1,0.0,3,0.047,True
